offering_id,faculty_full,link_fragment
ACF1200_CITY_DAY_ON_TRI-C-29,"Faculty of Business & Economics","https://monash.bluera.com/monash/rpv-eng.aspx?lang=eng&redi=1&SelectedIDforPrint=26fc886b771aea8d0fa54055807b18d73616da6b6642f8a09155c4fea0a4832e4fd4827e2d559c7b28365300221a8d51&ReportType=2&regl=en-US&IsReportLandscape=False"
ACF2100_CITY_DAY_ON_TRI-C-29,"Faculty of Business & Economics","https://monash.bluera.com/monash/rpv-eng.aspx?lang=eng&redi=1&SelectedIDforPrint=d501c37bb0fc0899e711bca42563ec4409251f6f3cd37f4c09d21f9c40d306ffea3e7e8f6f23075d0a11f5ebe654ec94&ReportType=2&regl=en-US&IsReportLandscape=False"
ACF2200_CITY_DAY_ON_TRI-C-29,"Faculty of Business & Economics","https://monash.bluera.com/monash/rpv-eng.aspx?lang=eng&redi=1&SelectedIDforPrint=4341d59ba48acd7c3584f87455b5672b40db13f259b14651263c57a441c0ca43290e574bdb31a4b271ed9c7f9fef608d&ReportType=2&regl=en-US&IsReportLandscape=False"
ACF2400_CITY_DAY_ON_TRI-C-29,"Faculty of Business & Economics","https://monash.bluera.com/monash/rpv-eng.aspx?lang=eng&redi=1&SelectedIDforPrint=8c2941d59c4c3dbc392413cdcf2a6c838f86475838a80ef136003258e5a9d6d800264a1f1cd889a3109519c490bec8be&ReportType=2&regl=en-US&IsReportLandscape=False"
ACF3100_CITY_DAY_ON_TRI-C-29,"Faculty of Business & Economics","https://monash.bluera.com/monash/rpv-eng.aspx?lang=eng&redi=1&SelectedIDforPrint=5b5a0648c45524e20e20bc27823fb4ca5b08af8b479be3e84a8ae2d6b0afdad4c9a277d6f206a9ff7359afd90f45791a&ReportType=2&regl=en-US&IsReportLandscape=False"
ACF3600_CITY_DAY_ON_TRI-C-29,"Faculty of Business & Economics","https://monash.bluera.com/monash/rpv-eng.aspx?lang=eng&redi=1&SelectedIDforPrint=a90ac3a469b809a3e4cca2fee21b64672fa4d18daa86ab59c5f9ad2ef41276249cb39ca8b5ca4ed27cf0c48d26fd2821&ReportType=2&regl=en-US&IsReportLandscape=False"
ACF5268_ONLINE_MO_OFF_MO-TP6-01,"Faculty of Business & Economics","https://monash.bluera.com/monash/rpv-eng.aspx?lang=eng&redi=1&SelectedIDforPrint=f074b99c43feb6d69ccf0aef9e0cfcef3c87ab41a673d96742115fafdc79b456493cb7f5605a6747f2538773168150a9&ReportType=2&regl=en-US&IsReportLandscape=False"
ACS2740_SAFRICA_BLOCK-ON_ON_SSB-01,"Faculty of Business & Economics","https://monash.bluera.com/monash/rpv-eng.aspx?lang=eng&redi=1&SelectedIDforPrint=1258e6f09187ff1bc501ba554f64784e37e5eddcbf7a823572721c3a4523a8abf0dd85bc8214c6a8a54ab857e23f19b5&ReportType=2&regl=en-US&IsReportLandscape=False"
ACS3740_SAFRICA_BLOCK-ON_ON_SSB-01,"Faculty of Business & Economics","https://monash.bluera.com/monash/rpv-eng.aspx?lang=eng&redi=1&SelectedIDforPrint=a4628a487c24c8ab034c529954332fc53357f03aad42428fa7fbef668ca432e6dbdc81d6865cada368fde83471ff5718&ReportType=2&regl=en-US&IsReportLandscape=False"
AMU1017_MALAYSIA_DAY_ON_OCT-MY-01,"Faculty of Arts","https://monash.bluera.com/monash/rpv-eng.aspx?lang=eng&redi=1&SelectedIDforPrint=30ddf26fc24c33e036c011ac73beb028f33e7814995c184d8f13adaf015cdfe6582451233bf610748e7f027201f9338a&ReportType=2&regl=en-US&IsReportLandscape=False"
AMU1278_MALAYSIA_DAY_ON_OCT-MY-01,"Faculty of Arts","https://monash.bluera.com/monash/rpv-eng.aspx?lang=eng&redi=1&SelectedIDforPrint=c3c77382bd12a515b9c3fbaee0b7c3069928940c3c3632f47c583cb15e15d8769977f7757b0ab5c156edd4a82e2c9893&ReportType=2&regl=en-US&IsReportLandscape=False"
AMU1304_MALAYSIA_DAY_ON_OCT-MY-01,"Faculty of Arts","https://monash.bluera.com/monash/rpv-eng.aspx?lang=eng&redi=1&SelectedIDforPrint=f3a6147bc07987e9aa993402ff899ab86db0b33bf03766048d209849aaf50b112eab1e941e2adbb1d420cf1e25955885&ReportType=2&regl=en-US&IsReportLandscape=False"
AMU1309_MALAYSIA_DAY_ON_OCT-MY-01,"Faculty of Arts","https://monash.bluera.com/monash/rpv-eng.aspx?lang=eng&redi=1&SelectedIDforPrint=9879bc00d0984c463dfc651140dd849834a85cefaee66c2d9ddce07918113a418e13dc8fab13257704e5c58c4c5ca19c&ReportType=2&regl=en-US&IsReportLandscape=False"
AMU1326_MALAYSIA_DAY_ON_OCT-MY-01,"Faculty of Arts","https://monash.bluera.com/monash/rpv-eng.aspx?lang=eng&redi=1&SelectedIDforPrint=c70b62579b1774adb77d0cbd481e8a066e08d12a2aebc961da2728f6be9cbd2d5adcc20dfc2e06d97af8cd4274f77871&ReportType=2&regl=en-US&IsReportLandscape=False"
AMU1329_MALAYSIA_DAY_ON_OCT-MY-01,"Faculty of Arts","https://monash.bluera.com/monash/rpv-eng.aspx?lang=eng&redi=1&SelectedIDforPrint=96751ee5aa62e7445fa72444da2d2a07d8c5d69564633724f75354dbce5cdf1266cec8d17123af14de5251fa18490b04&ReportType=2&regl=en-US&IsReportLandscape=False"
AMU3744_MALAYSIA_ON-CAMPUS_ON_SSB-01,"Faculty of Arts","https://monash.bluera.com/monash/rpv-eng.aspx?lang=eng&redi=1&SelectedIDforPrint=2d2b7591779e8147c1fef08c4e84d5cf9de17fcaf29ce4f1ff8b79c8f58c657bb21cd28abc75207b0898d4b38d6928c2&ReportType=2&regl=en-US&IsReportLandscape=False"
APG5044_CAULFIELD_FLEXIBLE_COMPOSITE_SSA-02,"Faculty of Arts","https://monash.bluera.com/monash/rpv-eng.aspx?lang=eng&redi=1&SelectedIDforPrint=03d68c3bd15b39f089264b88c9bfc7b8ed90de2724bcdc01244f0aa5194fd8a975dd3a850d2d770ce8f1828c8197d3f2&ReportType=2&regl=en-US&IsReportLandscape=False"
APG5044_CAULFIELD_FLEXIBLE_COMPOSITE_SSB-01,"Faculty of Arts","https://monash.bluera.com/monash/rpv-eng.aspx?lang=eng&redi=1&SelectedIDforPrint=f22d245136db0fac37e1d25e1c6e4d6abdd0e1a793d4134d4163178dd0faa68c2d53d3247c386f6f5d338a17693f7e91&ReportType=2&regl=en-US&IsReportLandscape=False"
APG5051_CAULFIELD_DAY_ON_T4-57,"Faculty of Arts","https://monash.bluera.com/monash/rpv-eng.aspx?lang=eng&redi=1&SelectedIDforPrint=6ec697d1fe8bbe7b8a35a8a6b64b6505b4e0de63133839fa5be0df84b9a92bd396c01e2eac3d91d76069562d5dc3897d&ReportType=2&regl=en-US&IsReportLandscape=False"
APG5051_CLAYTON_ONLINE_OFF_T4-57,"Faculty of Arts","https://monash.bluera.com/monash/rpv-eng.aspx?lang=eng&redi=1&SelectedIDforPrint=8bf9c2b0944608bb9acb96a1b1ba27da379cf0f3d438a1c08b0ca7def5abd1115588e46c00e8fb255a6314a5f16b57dd&ReportType=2&regl=en-US&IsReportLandscape=False"
APG5180_CITY_FLEXIBLE_COMPOSITE_SSA-02,"Faculty of Arts","https://monash.bluera.com/monash/rpv-eng.aspx?lang=eng&redi=1&SelectedIDforPrint=b647224cedcd49b5c058ac6036431567fe1eaf42c78d9605f65a43d6e9a8ca311e2e3ac5f87f0acfe504b897890b131f&ReportType=2&regl=en-US&IsReportLandscape=False"
APG5181_CITY_FLEXIBLE_COMPOSITE_SSB-01,"Faculty of Arts",
APG5390_CAULFIELD_EVENING_ON_SSA-02,"Faculty of Arts","https://monash.bluera.com/monash/rpv-eng.aspx?lang=eng&redi=1&SelectedIDforPrint=441425ce834b9aa123897dd942eeb26284d861468b74738f8879dbc257a7d6d07d7ab0d40e12407a75159394be6ce49c&ReportType=2&regl=en-US&IsReportLandscape=False"
APG5653_CAULFIELD_FLEXIBLE_COMPOSITE_SSA-02,"Faculty of Arts","https://monash.bluera.com/monash/rpv-eng.aspx?lang=eng&redi=1&SelectedIDforPrint=f8acbfe18384df79036b55c01711fb90cafc2d777946d607665d244d6031b883bb953f30a21b292cf67f230c3a50b10d&ReportType=2&regl=en-US&IsReportLandscape=False"
ATS1340_CAULFIELD_ONLINE_OFF_SSB-01,"Faculty of Arts","https://monash.bluera.com/monash/rpv-eng.aspx?lang=eng&redi=1&SelectedIDforPrint=ceaaa7d58f3977808eaf907fc4b83c128d243ecb2eca8c4911416fdd34e6851e82572afab2253c19167d1f05eb8268d4&ReportType=2&regl=en-US&IsReportLandscape=False"
ATS1371_CLAYTON_FLEXIBLE_COMPOSITE_SSA-02,"Faculty of Arts","https://monash.bluera.com/monash/rpv-eng.aspx?lang=eng&redi=1&SelectedIDforPrint=517f5fbf4988eab67fadc9c2b64a0f68e912f4d8c50af59e21451385006a87af9dc3120cb50c5f26785b73c88de7ff2c&ReportType=2&regl=en-US&IsReportLandscape=False"
ATS1835_CLAYTON_FLEXIBLE_COMPOSITE_SSA-02,"Faculty of Arts","https://monash.bluera.com/monash/rpv-eng.aspx?lang=eng&redi=1&SelectedIDforPrint=b350d60e69ff0e23f0f263fe302786d377f8a68a3f53f88249238ab01607fc7a115e3bdc4b676096ca1330ac535cdbd3&ReportType=2&regl=en-US&IsReportLandscape=False"
ATS2170_OTHER-OS_FLEXIBLE_COMPOSITE_SSA-02,"Faculty of Arts","https://monash.bluera.com/monash/rpv-eng.aspx?lang=eng&redi=1&SelectedIDforPrint=dd78046c5fcae47cad2bc7266972a5906fcf2a5f15cc30f16346459cb3473809bc9c3b4afc856469d84a3e21716b0cdb&ReportType=2&regl=en-US&IsReportLandscape=False"
ATS2251_OTHER-OS_BLOCK-ON_ON_T1-57,"Faculty of Arts","https://monash.bluera.com/monash/rpv-eng.aspx?lang=eng&redi=1&SelectedIDforPrint=205db1f68c17c14b499e866c865c12070a10764a4a5412ec6efb340040a7e4dc4e3bab341fa0bef44379a63462f9ab92&ReportType=2&regl=en-US&IsReportLandscape=False"
ATS2275_PRATO_BLOCK-ON_ON_SSA-02,"Faculty of Arts","https://monash.bluera.com/monash/rpv-eng.aspx?lang=eng&redi=1&SelectedIDforPrint=d20c67288ca10e17711a2cc9aaf4e1d9d5ec432a015da39ccd7d8b66db0c134202e199ca3496efd2b06a9285dc69b5e1&ReportType=2&regl=en-US&IsReportLandscape=False"
ATS2332_PRATO_FLEXIBLE_COMPOSITE_SSA-02,"Faculty of Arts","https://monash.bluera.com/monash/rpv-eng.aspx?lang=eng&redi=1&SelectedIDforPrint=2d0e8ea40d70472d12a9708de3cf5f33b5c585520ba90559ab2546f3bf2a9e77c27a36bcd7e40f4b62b07cd3af0598a0&ReportType=2&regl=en-US&IsReportLandscape=False"
ATS2344_PRATO_BLOCK-ON_ON_SSA-02,"Faculty of Arts","https://monash.bluera.com/monash/rpv-eng.aspx?lang=eng&redi=1&SelectedIDforPrint=cc52eb8c5a32778ca064b5be81b6d9fca753698c0cec11fafa73f0eb094340c3ca677db6898fbd7be97563260f62b5f3&ReportType=2&regl=en-US&IsReportLandscape=False"
ATS2394_CAULFIELD_FLEXIBLE_COMPOSITE_SSA-02,"Faculty of Arts","https://monash.bluera.com/monash/rpv-eng.aspx?lang=eng&redi=1&SelectedIDforPrint=46be4fecadf0149d0afca56c37407a413c155a02013cbcad7ba34364eeb7a2df515088a59ff4db21f1f89058cd4030cc&ReportType=2&regl=en-US&IsReportLandscape=False"
ATS2640_CLAYTON_FLEXIBLE_COMPOSITE_SSA-02,"Faculty of Arts","https://monash.bluera.com/monash/rpv-eng.aspx?lang=eng&redi=1&SelectedIDforPrint=ec249ee6cd0886b515163fa70218e28c1cc194b9cd1cbec498237ed31bbabec7215626c216e669a722173f5986c718d7&ReportType=2&regl=en-US&IsReportLandscape=False"
ATS2840_CLAYTON_FLEXIBLE_COMPOSITE_SSA-02,"Faculty of Arts","https://monash.bluera.com/monash/rpv-eng.aspx?lang=eng&redi=1&SelectedIDforPrint=ea4268b5b5322503e65a11bb2f688147add3cb8f6a1cefa724d51ab2405ec17a0976ea6dbb9a985acb9eae2a71c2775b&ReportType=2&regl=en-US&IsReportLandscape=False"
ATS2861_CLAYTON_FLEXIBLE_COMPOSITE_SSA-02,"Faculty of Arts","https://monash.bluera.com/monash/rpv-eng.aspx?lang=eng&redi=1&SelectedIDforPrint=847174d44e136fb7a71caee32d06cfdf8817eafb777cdd98257f6418d79cab0601a022f1fc06226f4d6178958dd6a038&ReportType=2&regl=en-US&IsReportLandscape=False"
ATS2867_CLAYTON_FLEXIBLE_COMPOSITE_SSA-02,"Faculty of Arts","https://monash.bluera.com/monash/rpv-eng.aspx?lang=eng&redi=1&SelectedIDforPrint=50fd2a446aacbbac18d990fd5dc3ef28e155bb9828dfb0fa7ab652d5af11371d48a8231373774b6bf2d356b8f5d1789b&ReportType=2&regl=en-US&IsReportLandscape=False"
ATS2872_CLAYTON_FLEXIBLE_COMPOSITE_SSA-02,"Faculty of Arts","https://monash.bluera.com/monash/rpv-eng.aspx?lang=eng&redi=1&SelectedIDforPrint=c9acc8043c7db34cc5a89ab9fc54aba399575e6ea97bb4dad8a35e6c3584e17eadced848a3a2b281cfe83443cc27407d&ReportType=2&regl=en-US&IsReportLandscape=False"
ATS2910_CLAYTON_ON-CAMPUS_ON_SSB-01,"Faculty of Arts","https://monash.bluera.com/monash/rpv-eng.aspx?lang=eng&redi=1&SelectedIDforPrint=002b053b08d0be65b2feaa301dcd0a5591a2d89c28c155b19fb1a958da5ad13ba737f0e4649319057657d1d45a6f153a&ReportType=2&regl=en-US&IsReportLandscape=False"
ATS2946_CLAYTON_BLOCK-ON_ON_SSA-02,"Faculty of Arts","https://monash.bluera.com/monash/rpv-eng.aspx?lang=eng&redi=1&SelectedIDforPrint=50fad37e9ef1ec4ff8f7e39d19c53ec73d8c5e1a75ae5e594c8011c58e354762b18a21ef805cda1aabb741d7145ccdab&ReportType=2&regl=en-US&IsReportLandscape=False"
ATS2957_PRATO_BLOCK-ON_ON_SSA-02,"Faculty of Arts","https://monash.bluera.com/monash/rpv-eng.aspx?lang=eng&redi=1&SelectedIDforPrint=874d156fdcab5a6c038fb29d17fd2b7f347727981cd2df006f86965b8438b91ee3e6704bc1735bdc72d5626eedd1054c&ReportType=2&regl=en-US&IsReportLandscape=False"
ATS3064_PRATO_BLOCK-ON_ON_SSA-02,"Faculty of Arts","https://monash.bluera.com/monash/rpv-eng.aspx?lang=eng&redi=1&SelectedIDforPrint=0273c67255a59102a635c951f36d56bd9267ad8d25f36a855e8c1779e9d38440f75a2d0b0273832d08b254815a44a507&ReportType=2&regl=en-US&IsReportLandscape=False"
ATS3170_OTHER-OS_FLEXIBLE_COMPOSITE_SSA-02,"Faculty of Arts","https://monash.bluera.com/monash/rpv-eng.aspx?lang=eng&redi=1&SelectedIDforPrint=f60f1508d79d3efb3bf3eb6e1c8a7ee26a851096af44afd05c0390d7afeecc403e83ba796e0b353976cfc405d39f65f5&ReportType=2&regl=en-US&IsReportLandscape=False"
ATS3251_OTHER-OS_BLOCK-ON_ON_T1-57,"Faculty of Arts","https://monash.bluera.com/monash/rpv-eng.aspx?lang=eng&redi=1&SelectedIDforPrint=65532cb10dab578dd987e2379ed3a7462893cb40cc8f3fb4a3fbeb87d5e4f71248f54815a24c04e6ec2662fc1a55c589&ReportType=2&regl=en-US&IsReportLandscape=False"
ATS3275_PRATO_BLOCK-ON_ON_SSA-02,"Faculty of Arts","https://monash.bluera.com/monash/rpv-eng.aspx?lang=eng&redi=1&SelectedIDforPrint=163e6bde78abb8c48de2596b75f1f4c2842e541eb58de8a8045e96e851b581059b3cdbe1ab80a53617c7d0665da90bbc&ReportType=2&regl=en-US&IsReportLandscape=False"
ATS3311_PRATO_BLOCK-ON_ON_SSA-02,"Faculty of Arts","https://monash.bluera.com/monash/rpv-eng.aspx?lang=eng&redi=1&SelectedIDforPrint=71300493af6c2a407464eef66517c9baf85b8d7362d8b44abf0adaa209934e736e16cb9c65a9d76ce93a719d6fadac07&ReportType=2&regl=en-US&IsReportLandscape=False"
ATS3332_PRATO_FLEXIBLE_COMPOSITE_SSA-02,"Faculty of Arts","https://monash.bluera.com/monash/rpv-eng.aspx?lang=eng&redi=1&SelectedIDforPrint=ca8918bd9c788dfabdd75b0758b6f6257bc6cf53a399b7bf88bd381eb06916aa2ccf9cda1a5959c986e9a349edda541d&ReportType=2&regl=en-US&IsReportLandscape=False"
ATS3344_PRATO_BLOCK-ON_ON_SSA-02,"Faculty of Arts","https://monash.bluera.com/monash/rpv-eng.aspx?lang=eng&redi=1&SelectedIDforPrint=1ec4ea4ba031fb46ceb3e13341aee5bdd7fedd9ab0bde30648e7fd91aab70ed7a07ee51e04609bada99a5f336afdc94e&ReportType=2&regl=en-US&IsReportLandscape=False"
ATS3391_CLAYTON_BLOCK-ON_ON_SSB-01,"Faculty of Arts","https://monash.bluera.com/monash/rpv-eng.aspx?lang=eng&redi=1&SelectedIDforPrint=797bd894f20469728993adb74710cc929fc2fdc5bcc55d6b2b3ca68dadac1bf5cb1509a41c5c6575e903940daab30a3b&ReportType=2&regl=en-US&IsReportLandscape=False"
ATS3394_CAULFIELD_FLEXIBLE_COMPOSITE_SSA-02,"Faculty of Arts","https://monash.bluera.com/monash/rpv-eng.aspx?lang=eng&redi=1&SelectedIDforPrint=53be18410228e268ae0d4cc778d546cd7edfbdd87f11833f417042e31b1ffd9ab5fcb8e3c6a459f57e775778d6b6a51e&ReportType=2&regl=en-US&IsReportLandscape=False"
ATS3869_CLAYTON_FLEXIBLE_COMPOSITE_SSA-02,"Faculty of Arts","https://monash.bluera.com/monash/rpv-eng.aspx?lang=eng&redi=1&SelectedIDforPrint=b047c15796adc47b152fcf2071b940b4ae3e3fe8a3fd6496ecc45fa5245a991c8d0992adc0cbf228eaa00693ed67c0a3&ReportType=2&regl=en-US&IsReportLandscape=False"
ATS3870_CLAYTON_FLEXIBLE_COMPOSITE_SSA-02,"Faculty of Arts","https://monash.bluera.com/monash/rpv-eng.aspx?lang=eng&redi=1&SelectedIDforPrint=647ed4f35ff98e00f03b7350d570928eafbe2a5333ecf566064bdf2aeba64223f0569993c0e765b87c9110df6867fba9&ReportType=2&regl=en-US&IsReportLandscape=False"
ATS3882_CLAYTON_FLEXIBLE_COMPOSITE_SSA-02,"Faculty of Arts","https://monash.bluera.com/monash/rpv-eng.aspx?lang=eng&redi=1&SelectedIDforPrint=801aed6aa92615df943ca30f828ceffd2d101bb10eebd696724c55a12de1333eee4aa645ccf0276b6229c8461becaa06&ReportType=2&regl=en-US&IsReportLandscape=False"
ATS3919_CAULFIELD_FLEXIBLE_COMPOSITE_SSB-01,"Faculty of Arts",
ATS3957_PRATO_BLOCK-ON_ON_SSA-02,"Faculty of Arts","https://monash.bluera.com/monash/rpv-eng.aspx?lang=eng&redi=1&SelectedIDforPrint=916299182c1a88006622c034ea2a37d5256c68f3eb217e68d93709169b8e55a09b98f3a2ab5f8651d651c1abb6df0167&ReportType=2&regl=en-US&IsReportLandscape=False"
ATS4311_PRATO_BLOCK-ON_ON_SSA-02,"Faculty of Arts","https://monash.bluera.com/monash/rpv-eng.aspx?lang=eng&redi=1&SelectedIDforPrint=1053ba7091bef2bfb0bd3856585103b52dbac39a74c7e15d778a0276aa49eca74ab8ada80b9cac33e08d4db556aba9d1&ReportType=2&regl=en-US&IsReportLandscape=False"
AZA1019_SAFRICA_ON-CAMPUS_ON_SSB-01,"Faculty of Arts","https://monash.bluera.com/monash/rpv-eng.aspx?lang=eng&redi=1&SelectedIDforPrint=17e3fd684f955ef8900af63c66b3d47cd989cf3738868feb0e456e3bf339cca054263c678aad36bb871060080af39914&ReportType=2&regl=en-US&IsReportLandscape=False"
AZA1281_SAFRICA_ON-CAMPUS_ON_SSB-01,"Faculty of Arts","https://monash.bluera.com/monash/rpv-eng.aspx?lang=eng&redi=1&SelectedIDforPrint=9c5868ce4d60f6a098af5ba8cd49fc6635134a5fb607b65d956dcee62742a663c427b638fd7494a7ce4faa7de5282d50&ReportType=2&regl=en-US&IsReportLandscape=False"
AZA1365_SAFRICA_ON-CAMPUS_ON_SSB-01,"Faculty of Arts","https://monash.bluera.com/monash/rpv-eng.aspx?lang=eng&redi=1&SelectedIDforPrint=c53340c43bd272283fb86cbfb090562ea3f147f51f4de3a547ccedac847b702b86e1399a6f634fb16e21741df3f5bc00&ReportType=2&regl=en-US&IsReportLandscape=False"
AZA2490_SAFRICA_ON-CAMPUS_ON_SSB-01,"Faculty of Arts","https://monash.bluera.com/monash/rpv-eng.aspx?lang=eng&redi=1&SelectedIDforPrint=059a8e2800fda1c02d3612c1bb510ae99a412dacbf305faacb43967e9c698840e0e31171886692813cdf1def8fe022b2&ReportType=2&regl=en-US&IsReportLandscape=False"
AZA3018_SAFRICA_ON-CAMPUS_ON_SSB-01,"Faculty of Arts","https://monash.bluera.com/monash/rpv-eng.aspx?lang=eng&redi=1&SelectedIDforPrint=0b342cf1deeea7995a6a52d311e23c67d46513409a3c8a79b12d495af72ae76d2949805c46dd8793129f113f0dd042b0&ReportType=2&regl=en-US&IsReportLandscape=False"
AZA3135_SAFRICA_ON-CAMPUS_ON_SSB-01,"Faculty of Arts",
AZA3462_SAFRICA_ON-CAMPUS_ON_SSB-01,"Faculty of Arts","https://monash.bluera.com/monash/rpv-eng.aspx?lang=eng&redi=1&SelectedIDforPrint=574a69ef47821ffac4122b3592dce3b4a604713cfcf6817cfa6c570da296a8c7ecdb73eb821e1766fbaf10994237f720&ReportType=2&regl=en-US&IsReportLandscape=False"
AZA3744_SAFRICA_DAY_ON_SSA-02,"Faculty of Arts","https://monash.bluera.com/monash/rpv-eng.aspx?lang=eng&redi=1&SelectedIDforPrint=a9d547c44fd9389a65f6d0de936974f32a6478073ec9041b26a681573f37b158f00dd1b74435c3a08af56909411a7deb&ReportType=2&regl=en-US&IsReportLandscape=False"
AZA3744_SAFRICA_ON-CAMPUS_ON_SSB-01,"Faculty of Arts","https://monash.bluera.com/monash/rpv-eng.aspx?lang=eng&redi=1&SelectedIDforPrint=a1649739e6a5ad5e6c5593e4c8c854ebfee81d1fa9e4edc0503115a392a2c5ffd30fafbe94d6c99a69ac0bff7a9769dd&ReportType=2&regl=en-US&IsReportLandscape=False"
AZA3769_SAFRICA_ON-CAMPUS_ON_SSB-01,"Faculty of Arts","https://monash.bluera.com/monash/rpv-eng.aspx?lang=eng&redi=1&SelectedIDforPrint=17359b83c9706df5582f038a7f8aff7a0c22b8019d6e39cd63da9a17be88d7464af0aa5f99729e6108c970ce9773043b&ReportType=2&regl=en-US&IsReportLandscape=False"
BEX3000_CITY_DAY_ON_TRI-C-29,"Faculty of Business & Economics","https://monash.bluera.com/monash/rpv-eng.aspx?lang=eng&redi=1&SelectedIDforPrint=cec5b1026c621188f52506aa1bbc663489fece61a8685254b97c11ba88800ad071993217acc8c34eef22c9f11cd16cd5&ReportType=2&regl=en-US&IsReportLandscape=False"
BEX3006_CAULFIELD_DAY_ON_SSA-02,"Faculty of Business & Economics","https://monash.bluera.com/monash/rpv-eng.aspx?lang=eng&redi=1&SelectedIDforPrint=c11e231d8c48de5168fc52a2e2530bdb87324a5aaf9000bb976423a237d5c6b6fabec53f6279af4f6b1eac411fadb439&ReportType=2&regl=en-US&IsReportLandscape=False"
BEX3006_CAULFIELD_ON-CAMPUS_ON_SSB-01,"Faculty of Business & Economics","https://monash.bluera.com/monash/rpv-eng.aspx?lang=eng&redi=1&SelectedIDforPrint=8caf8cedc1b47f3125b30aa5a934fdaf93f63e659f983d6713da75dddadec5b16fc0436a9631f64df5a152d272794042&ReportType=2&regl=en-US&IsReportLandscape=False"
BEX3006_CLAYTON_DAY_ON_SSA-02,"Faculty of Business & Economics","https://monash.bluera.com/monash/rpv-eng.aspx?lang=eng&redi=1&SelectedIDforPrint=8af3e30798c27172570314c3067d04c9b473235906f13ebf58c01bbbd00b73ae360dc375f62d844dd4758e1448e8036e&ReportType=2&regl=en-US&IsReportLandscape=False"
BEX3006_CLAYTON_ON-CAMPUS_ON_SSB-01,"Faculty of Business & Economics","https://monash.bluera.com/monash/rpv-eng.aspx?lang=eng&redi=1&SelectedIDforPrint=38c50a20cce4299b271e19e65cf7d392fddc0f91a5b6a88f67976bb28b446f5d64ff4878724b36b5740750a91ac0d017&ReportType=2&regl=en-US&IsReportLandscape=False"
BEX3012_CAULFIELD_DAY_ON_SSA-02,"Faculty of Business & Economics","https://monash.bluera.com/monash/rpv-eng.aspx?lang=eng&redi=1&SelectedIDforPrint=b1ac37033626c364a41bff3e46265b9f6c98876c257b0dd7ecc7253facb6d2451b4d43e267d911c18df1bbd8ef7efb9b&ReportType=2&regl=en-US&IsReportLandscape=False"
BEX3012_CAULFIELD_ON-CAMPUS_ON_SSB-01,"Faculty of Business & Economics","https://monash.bluera.com/monash/rpv-eng.aspx?lang=eng&redi=1&SelectedIDforPrint=2fb466bb26e23fed886320a24f661a57e5eb12585ded398533ac0ca5f87367cd9b4c1829ffced82cc6c1ef0b3c7348a8&ReportType=2&regl=en-US&IsReportLandscape=False"
BEX3012_CITY_DAY_ON_TRI-C-29,"Faculty of Business & Economics","https://monash.bluera.com/monash/rpv-eng.aspx?lang=eng&redi=1&SelectedIDforPrint=cdbe20bc7dc195c101c1083a324c5971e39a0b367ceaedc01f2096edd7c0aa11144cd09bf75e4cee07aa58383700c766&ReportType=2&regl=en-US&IsReportLandscape=False"
BEX3012_CLAYTON_DAY_ON_SSA-02,"Faculty of Business & Economics","https://monash.bluera.com/monash/rpv-eng.aspx?lang=eng&redi=1&SelectedIDforPrint=88e1b0ce2c8e9bc154c8620348f94860c366967b97e38ea36a15e1a86a7513d5d238d8edd7233bffb5601dec1d776840&ReportType=2&regl=en-US&IsReportLandscape=False"
BEX3012_CLAYTON_ON-CAMPUS_ON_SSB-01,"Faculty of Business & Economics","https://monash.bluera.com/monash/rpv-eng.aspx?lang=eng&redi=1&SelectedIDforPrint=3ef4542306680dce209fa9b759377d3cd3b2eff13e0f0bb59ddeeb7d013b334b2e608f8907e492c0dfe19924a83e647e&ReportType=2&regl=en-US&IsReportLandscape=False"
BEX3024_CAULFIELD_DAY_ON_SSA-02,"Faculty of Business & Economics",
BEX3024_CITY_DAY_ON_TRI-C-29,"Faculty of Business & Economics",
BEX3024_CLAYTON_DAY_ON_SSA-02,"Faculty of Business & Economics",
BEX3106_CAULFIELD_ON-CAMPUS_ON_SSB-01,"Faculty of Business & Economics",
BEX3106_CLAYTON_ON-CAMPUS_ON_SSB-01,"Faculty of Business & Economics",
BEX3112_CAULFIELD_DAY_ON_SSA-02,"Faculty of Business & Economics",
BEX3112_CITY_DAY_ON_TRI-C-29,"Faculty of Business & Economics","https://monash.bluera.com/monash/rpv-eng.aspx?lang=eng&redi=1&SelectedIDforPrint=fb44791af3a75cc507b77310d971540887e0e4e703590c0dcea7ea38057437c45f45cc70b97fbad284af62c8fff30ea9&ReportType=2&regl=en-US&IsReportLandscape=False"
BEX3112_CLAYTON_DAY_ON_SSA-02,"Faculty of Business & Economics",
BEX3150_CAULFIELD_BLOCK-ON_ON_SSB-01,"Faculty of Business & Economics","https://monash.bluera.com/monash/rpv-eng.aspx?lang=eng&redi=1&SelectedIDforPrint=5aff562042b064aad19eb952ebbdf85e045fa54e9401baaa5ad6222f9aa94441ba7d1067e8d8e21a2aeaefbb70257939&ReportType=2&regl=en-US&IsReportLandscape=False"
BEX3350_CITY_DAY_ON_TRI-C-29,"Faculty of Business & Economics","https://monash.bluera.com/monash/rpv-eng.aspx?lang=eng&redi=1&SelectedIDforPrint=5c56607274b7a9f8e164cefae41370285bce906487b7ce292dfdc63c5d13107cbf6785bf18b1c961684292cacc9dc95e&ReportType=2&regl=en-US&IsReportLandscape=False"
BEX3350_CLAYTON_DAY_ON_SSA-02,"Faculty of Business & Economics","https://monash.bluera.com/monash/rpv-eng.aspx?lang=eng&redi=1&SelectedIDforPrint=f16851b926ede8e6c8c0a2606ddcc4004001be9225833d563c8c573a0ee46e6f2f19209cd71e79cdd52b65d2b14c9131&ReportType=2&regl=en-US&IsReportLandscape=False"
BEX3411_CITY_DAY_ON_TRI-C-29,"Faculty of Business & Economics","https://monash.bluera.com/monash/rpv-eng.aspx?lang=eng&redi=1&SelectedIDforPrint=29e83a2337daba6eaa5c736199c0e07d803943aa58f712b8593c572eb28c0fe2989812b17d8c3ec1dbeaa75753008bde&ReportType=2&regl=en-US&IsReportLandscape=False"
BEX3450_CLAYTON_DAY_ON_SSA-02,"Faculty of Business & Economics","https://monash.bluera.com/monash/rpv-eng.aspx?lang=eng&redi=1&SelectedIDforPrint=3b889edb1647039126038cb28e8a940e0d1f4a51c16e8227252c9e110f35947a8f391fc7d4c9d5af45d00df433dc8828&ReportType=2&regl=en-US&IsReportLandscape=False"
BEX3722_OS-SLA-CMB_ON-CAMPUS_ON_SSB-01,"Faculty of Business & Economics","https://monash.bluera.com/monash/rpv-eng.aspx?lang=eng&redi=1&SelectedIDforPrint=e4f4c20371172c3837b51c04b981db5f96fe68ba49aaf3d836d4730204d3456b8b25d8b2957cfa65a663aa0663d1c242&ReportType=2&regl=en-US&IsReportLandscape=False"
BEX3722_OS-USA_ON-CAMPUS_ON_SSB-01,"Faculty of Business & Economics","https://monash.bluera.com/monash/rpv-eng.aspx?lang=eng&redi=1&SelectedIDforPrint=38710b6070a6487c9587d87ba807ae2d1ea27238978c55908b0c76aa206c7a53204251fdf4af77aae3dd534f346de3de&ReportType=2&regl=en-US&IsReportLandscape=False"
BEX5001_CAULFIELD_DAY_ON_SSA-02,"Faculty of Business & Economics","https://monash.bluera.com/monash/rpv-eng.aspx?lang=eng&redi=1&SelectedIDforPrint=4455fb21c9608bd9b525bee86e559cac428a802f65a8e8a2a9c7e6a323db0da179f105277b88ee223ef51c716191498b&ReportType=2&regl=en-US&IsReportLandscape=False"
BEX5001_CAULFIELD_ON-CAMPUS_ON_SSB-01,"Faculty of Business & Economics","https://monash.bluera.com/monash/rpv-eng.aspx?lang=eng&redi=1&SelectedIDforPrint=43283529d14c811f83cd2e29e511f9d847fcfc0f989a1af837d7c39cc5bc1ce78a635261482d718d44493c635b79967b&ReportType=2&regl=en-US&IsReportLandscape=False"
BEX5006_CAULFIELD_DAY_ON_SSB-01,"Faculty of Business & Economics","https://monash.bluera.com/monash/rpv-eng.aspx?lang=eng&redi=1&SelectedIDforPrint=f7253c4d45ff01e096f0c14552b28882b9ad8ebe419fe7d93c05342ecee82afa28d27dedeb80b114c34c00cf92db88c9&ReportType=2&regl=en-US&IsReportLandscape=False"
BEX5012_CAULFIELD_DAY_ON_SSA-02,"Faculty of Business & Economics","https://monash.bluera.com/monash/rpv-eng.aspx?lang=eng&redi=1&SelectedIDforPrint=d6dc10f42228493b5ed48e9ec0ed4a6d48fe47dfdb62e2771dc0483e1c0793724e040c96b31acb2f2761af66e5a0cb8b&ReportType=2&regl=en-US&IsReportLandscape=False"
BEX5012_CAULFIELD_ON-CAMPUS_ON_SSB-01,"Faculty of Business & Economics",
BEX5112_CAULFIELD_DAY_ON_SSB-01,"Faculty of Business & Economics",
BEX5722_OS-SLA-CMB_ON-CAMPUS_ON_SSB-01,"Faculty of Business & Economics","https://monash.bluera.com/monash/rpv-eng.aspx?lang=eng&redi=1&SelectedIDforPrint=7bf2136fd7c85a1891b037be630706092e22ec212ca2a41a4423a12ac37f3e8c803e7594a160a0c97d449463f1155aeb&ReportType=2&regl=en-US&IsReportLandscape=False"
BEX5722_OS-USA_ON-CAMPUS_ON_SSB-01,"Faculty of Business & Economics","https://monash.bluera.com/monash/rpv-eng.aspx?lang=eng&redi=1&SelectedIDforPrint=68137970cfa7020b2e549521c780fb599c92c4ec4d67d34f6ecb9df083b07a2a826d0f59a35aa798d581bfb649e88f64&ReportType=2&regl=en-US&IsReportLandscape=False"
BEX5832_PRATO_DAY_ON_SSA-02,"Faculty of Business & Economics","https://monash.bluera.com/monash/rpv-eng.aspx?lang=eng&redi=1&SelectedIDforPrint=c537e795158204bb34d7571ba281583e80074cc754500cafe0f6a84488769cdd7406119ade5e582d89c696df7816df08&ReportType=2&regl=en-US&IsReportLandscape=False"
BEX6100_CAULFIELD_BLOCK-ON_ON_T4-57,"Faculty of Business & Economics","https://monash.bluera.com/monash/rpv-eng.aspx?lang=eng&redi=1&SelectedIDforPrint=eada8ff616c1a804036fbb400880168ec2c3a66150f000719a6ee671ce8904473c8bc83484ec37b8b70167398333fe2e&ReportType=2&regl=en-US&IsReportLandscape=False"
BEX6100_MALAYSIA_BLOCK-ON_ON_T4-57,"Faculty of Business & Economics","https://monash.bluera.com/monash/rpv-eng.aspx?lang=eng&redi=1&SelectedIDforPrint=b9cba741242ad1954b795b718a834fd4c220b8b76448081ce855b774277e444a4029b39c3e86863f4fb54839388e4373&ReportType=2&regl=en-US&IsReportLandscape=False"
BFF1001_CITY_DAY_ON_TRI-C-29,"Faculty of Business & Economics","https://monash.bluera.com/monash/rpv-eng.aspx?lang=eng&redi=1&SelectedIDforPrint=e585dab8806dbd701876cff911ecca9e3a505ce348b46b2d8333dd5b9b867a4619f0128e4bbe52ccc59c4e43b73cb7fd&ReportType=2&regl=en-US&IsReportLandscape=False"
BFF2140_CITY_DAY_ON_TRI-C-29,"Faculty of Business & Economics","https://monash.bluera.com/monash/rpv-eng.aspx?lang=eng&redi=1&SelectedIDforPrint=0b9de4f3f4ca1cbc8819f075e57bbdc3921b5455ba8be373924bbc5c667fe389e8a034b2d847e26a5fde16c1f17d659b&ReportType=2&regl=en-US&IsReportLandscape=False"
BFF2341_CITY_BLOCK-ON_ON_SSB-01,"Faculty of Business & Economics","https://monash.bluera.com/monash/rpv-eng.aspx?lang=eng&redi=1&SelectedIDforPrint=1fd39a93ab734d25610ada2d8394fa4042e8b876004a9d114050e436e2c2c3b3da65ea2d6433f36208e9d9421df05293&ReportType=2&regl=en-US&IsReportLandscape=False"
BFF2341_CITY_DAY_ON_SSA-02,"Faculty of Business & Economics","https://monash.bluera.com/monash/rpv-eng.aspx?lang=eng&redi=1&SelectedIDforPrint=62d62909e6cfb67c260f1dea16c4658e62779a30b6e09a443d497fc05870f7b8fcc774debc3b67cfdc8bb0a6ef70dfe0&ReportType=2&regl=en-US&IsReportLandscape=False"
BFX3871_CAULFIELD_BLOCK-ON_ON_SSA-02,"Faculty of Business & Economics","https://monash.bluera.com/monash/rpv-eng.aspx?lang=eng&redi=1&SelectedIDforPrint=f8ec990b96016247c9bc5348a8636da174ff0fe77122b70399edeb2689718d0d6773477fc0fe39489c247854f3d49b0e&ReportType=2&regl=en-US&IsReportLandscape=False"
BFX5860_CAULFIELD_BLOCK-ON_ON_SSA-02,"Faculty of Business & Economics","https://monash.bluera.com/monash/rpv-eng.aspx?lang=eng&redi=1&SelectedIDforPrint=2059fa5c06e2e72dfc1cd51bb70cd71ab991784a8582da7c4d421d48cc5aeeaadf6a3f47f27dc1bbdec7b85040abb201&ReportType=2&regl=en-US&IsReportLandscape=False"
BIO1011_MALAYSIA_DAY_ON_OCT-MY-01,"Faculty of Science","https://monash.bluera.com/monash/rpv-eng.aspx?lang=eng&redi=1&SelectedIDforPrint=70e62f1be17017d677cd0835fef2b22a49e4b86a65fcd84ddc07c58658f3b7da72e28bf9513bbc37843107f986580618&ReportType=2&regl=en-US&IsReportLandscape=False"
BTF3931_CITY_DAY_ON_TRI-C-29,"Faculty of Business & Economics","https://monash.bluera.com/monash/rpv-eng.aspx?lang=eng&redi=1&SelectedIDforPrint=b0086bea1914c006a64c7ca0593b9e9fccbfd7fa369b6c29083415953ce01796bd3e1e7f2e9940af42b6f89a674bf03a&ReportType=2&regl=en-US&IsReportLandscape=False"
BTF5160_CAULFIELD_BLOCK-ON_ON_SSB-01,"Faculty of Business & Economics","https://monash.bluera.com/monash/rpv-eng.aspx?lang=eng&redi=1&SelectedIDforPrint=2508d35d3ea82927d98da2da980b824fa954a5363ed8f6b863745ff8825d5a3e20e22732090daa42084927136e6035b6&ReportType=2&regl=en-US&IsReportLandscape=False"
BTW1042_MALAYSIA_DAY_ON_OCT-MY-01,"Faculty of Business & Economics","https://monash.bluera.com/monash/rpv-eng.aspx?lang=eng&redi=1&SelectedIDforPrint=5b13c5b09e2ea4f8e09598cc05ced10f75e4286d2f0b14983bd5f0169769ef7b39d5cab2d45962b3b3d64ec75efb584e&ReportType=2&regl=en-US&IsReportLandscape=False"
BTX2000_CITY_DAY_ON_TRI-C-29,"Faculty of Business & Economics","https://monash.bluera.com/monash/rpv-eng.aspx?lang=eng&redi=1&SelectedIDforPrint=b56e4d533d76e5e199cf5f7d3c58af3371bcf5b97a0a2929b43e7a329301d74842e4ec7d7f7e4df0f5b07e64ad4e6f0a&ReportType=2&regl=en-US&IsReportLandscape=False"
BTX3110_CITY_DAY_ON_SSA-02,"Faculty of Business & Economics","https://monash.bluera.com/monash/rpv-eng.aspx?lang=eng&redi=1&SelectedIDforPrint=062b0f4c78af870af8464477d380c06830fc07c7e856752a3e912933c1fb99b907f81ef75dfc069a74b1a463afe3682a&ReportType=2&regl=en-US&IsReportLandscape=False"
CHM1051_MALAYSIA_DAY_ON_OCT-MY-01,"Faculty of Science","https://monash.bluera.com/monash/rpv-eng.aspx?lang=eng&redi=1&SelectedIDforPrint=30fd5ff49b240b70050e71764572ece5b36e770f8a3165c553bc5c115e18c7c6d654f4a553aefab1ad3ac8790bb4ccb3&ReportType=2&regl=en-US&IsReportLandscape=False"
CHM2990_CLAYTON_DAY_ON_SSA-02,"Faculty of Science","https://monash.bluera.com/monash/rpv-eng.aspx?lang=eng&redi=1&SelectedIDforPrint=4ca1bdbc8c960d284943e652b33297b8a06a9cafe77c17bbf920b55655e56be800990ff2e45ee2844205b20abf1ed225&ReportType=2&regl=en-US&IsReportLandscape=False"
CHM3980_CLAYTON_DAY_ON_SSA-02,"Faculty of Science","https://monash.bluera.com/monash/rpv-eng.aspx?lang=eng&redi=1&SelectedIDforPrint=fa0cd6d25664135092abcfcaf6725f1156fe5360259e77defc509474c53a9a3f8c7cfc0bea47c9587bf76d2f8ce70587&ReportType=2&regl=en-US&IsReportLandscape=False"
CHM3990_CLAYTON_DAY_ON_SSA-02,"Faculty of Science","https://monash.bluera.com/monash/rpv-eng.aspx?lang=eng&redi=1&SelectedIDforPrint=8a38a00013e00a40a158099e6c1909607bb89ebe6e40ca5ca343dab611689b1c9c8854e2366b1043efd080cc99f60ddd&ReportType=2&regl=en-US&IsReportLandscape=False"
CIV5318_OS-CHI-SEU_ON-CAMPUS_ON_S1-01,"Faculty of Engineering","https://monash.bluera.com/monash/rpv-eng.aspx?lang=eng&redi=1&SelectedIDforPrint=1dcb88f950d8c1f4aabaf655baab897272aeff18764f926a6527a953eaabfbb867f8b544602503c410f986169beab342&ReportType=2&regl=en-US&IsReportLandscape=False"
EAE3900_OTHER-OS_DAY-OFF_OFF_SSA-02,"Faculty of Science","https://monash.bluera.com/monash/rpv-eng.aspx?lang=eng&redi=1&SelectedIDforPrint=7815085c28f1a70e1bd37dde50a672827dc3637ef226d2895a69578af71020eec65d3e704fd0b05aec461b01fba14a5e&ReportType=2&regl=en-US&IsReportLandscape=False"
EBS0015_MALAYSIA_DAY_ON_MUELC-M5A,"Monash College Pty Ltd","https://monash.bluera.com/monash/rpv-eng.aspx?lang=eng&redi=1&SelectedIDforPrint=7ee6e038e478fbc67906d04beee8f058f5c2692c620613ce839b9752ee3bbdedbb15b7efd469afd43dc89620f45b7d3c&ReportType=2&regl=en-US&IsReportLandscape=False"
ECF1200_CITY_DAY_ON_TRI-C-29,"Faculty of Business & Economics","https://monash.bluera.com/monash/rpv-eng.aspx?lang=eng&redi=1&SelectedIDforPrint=bb6576f41492807fa1cbbf40b198a26105abab18080d86be1e6acc1191d4935efe3d9005814e2178266c46872b3ff487&ReportType=2&regl=en-US&IsReportLandscape=False"
ECF2331_CITY_DAY_ON_TRI-C-29,"Faculty of Business & Economics","https://monash.bluera.com/monash/rpv-eng.aspx?lang=eng&redi=1&SelectedIDforPrint=5e672b7a7fc81ba29026c1a3d4768c2cef7a7b673cb4652d4d8f433392e85870382ea8ae38d7afed10a4084c8b0f258a&ReportType=2&regl=en-US&IsReportLandscape=False"
ECF2550_CAULFIELD_DAY_ON_SSA-02,"Faculty of Business & Economics","https://monash.bluera.com/monash/rpv-eng.aspx?lang=eng&redi=1&SelectedIDforPrint=c02bb381e4aaa35508cdfb6fe0cc5bea90a0d4d894229b659ac4988305e3bc5b9c66dcb48cb1bfd004c559abd9288da7&ReportType=2&regl=en-US&IsReportLandscape=False"
ECF2721_CITY_DAY_ON_TRI-C-29,"Faculty of Business & Economics","https://monash.bluera.com/monash/rpv-eng.aspx?lang=eng&redi=1&SelectedIDforPrint=06c9245cad59b656d6cad07f1d061ba03711051a27437bd79e22d147d450455ccb7f5a9eb526c90d7843d6fb561b7483&ReportType=2&regl=en-US&IsReportLandscape=False"
ECS1101_SAFRICA_BLOCK-ON_ON_SSA-02,"Faculty of Business & Economics","https://monash.bluera.com/monash/rpv-eng.aspx?lang=eng&redi=1&SelectedIDforPrint=33dacd70bb9b11f4093b9f5f0d4c0e72438420e5b7eaa5394de026edd9e2ff67e7b04c5843540bb00774c2979e4364f7&ReportType=2&regl=en-US&IsReportLandscape=False"
ECS2730_SAFRICA_BLOCK-ON_ON_SSA-02,"Faculty of Business & Economics","https://monash.bluera.com/monash/rpv-eng.aspx?lang=eng&redi=1&SelectedIDforPrint=c30a3f219796807b8a37ed26f56217414a11551a2a7c0c7e294f865a1a5925da04f03533d923822ff80f37b062e68536&ReportType=2&regl=en-US&IsReportLandscape=False"
ECS5921_SAFRICA_BLOCK-ON_ON_T1-57,"Faculty of Business & Economics","https://monash.bluera.com/monash/rpv-eng.aspx?lang=eng&redi=1&SelectedIDforPrint=77a6a200190ff9ef300a82f3791c87f9198591dbed48ae61923f53db0a9a39812574fc18e3f2e0b6196ef9f2e92e08e2&ReportType=2&regl=en-US&IsReportLandscape=False"
ECW1101_MALAYSIA_DAY_ON_OCT-MY-01,"Faculty of Business & Economics","https://monash.bluera.com/monash/rpv-eng.aspx?lang=eng&redi=1&SelectedIDforPrint=64559854d56e23637df0cf6b385f0419062e25ff0fd645a8727343003774be82e0935fa4a60762ecd7e4ad4db8767698&ReportType=2&regl=en-US&IsReportLandscape=False"
ECX3550_CAULFIELD_DAY_ON_SSA-02,"Faculty of Business & Economics","https://monash.bluera.com/monash/rpv-eng.aspx?lang=eng&redi=1&SelectedIDforPrint=a4c0ce90dcf0d91f00de95c4715287d51bc1af6caa63c9f8befd14155315327bc3597e0b0f5209a5baf5668c62977c05&ReportType=2&regl=en-US&IsReportLandscape=False"
ECX3550_CITY_BLOCK-ON_ON_SSB-01,"Faculty of Business & Economics","https://monash.bluera.com/monash/rpv-eng.aspx?lang=eng&redi=1&SelectedIDforPrint=781ad7b72de0c6270949713a5c5d777d5800d0ea280c9d33b243d37267ce9a1be4ee801ec2650a09522648105ee51648&ReportType=2&regl=en-US&IsReportLandscape=False"
EDF3030_OS-SGP_BLOCK-OFF_OFF_T1-57,"Faculty of Education","https://monash.bluera.com/monash/rpv-eng.aspx?lang=eng&redi=1&SelectedIDforPrint=f0434c5976709ecb0d42d45d87c142fce6996d55a6b94e58e7b303cb0c97ceaad198d7d4cf621c2bd06bbb08c0de0dd9&ReportType=2&regl=en-US&IsReportLandscape=False"
EDF3032_OS-SGP_BLOCK-OFF_OFF_T1-57,"Faculty of Education","https://monash.bluera.com/monash/rpv-eng.aspx?lang=eng&redi=1&SelectedIDforPrint=7650dfca1062bdfae9e83cfed4eafc9c9a402aacec3a3515be612a32baae267f497cbaaa16d944d87c77633626641ff9&ReportType=2&regl=en-US&IsReportLandscape=False"
EDF3051_OS-SGP_BLOCK-OFF_OFF_T1-57,"Faculty of Education","https://monash.bluera.com/monash/rpv-eng.aspx?lang=eng&redi=1&SelectedIDforPrint=7488b02cbfa9e61a9f11820847226c3015f1de311934b7b761dd8fcd61b59939a938b4141e159e08d32d8f01ca448b87&ReportType=2&regl=en-US&IsReportLandscape=False"
EDF3181_CITY_BLOCK-ON_ON_T1-57,"Faculty of Education","https://monash.bluera.com/monash/rpv-eng.aspx?lang=eng&redi=1&SelectedIDforPrint=0e61a1fe746c10dfbdd8301c171a30299c35f816737f7e8149853448b09f75241d1df29d41d03a0037f30062ca29599c&ReportType=2&regl=en-US&IsReportLandscape=False"
EDF4031_CITY_BLOCK-ON_ON_T1-57,"Faculty of Education","https://monash.bluera.com/monash/rpv-eng.aspx?lang=eng&redi=1&SelectedIDforPrint=54f4ab788d5800bb4488a99d5783122ccd5cb78ac857245b6ada31c04b501284f072c4595ceab438461cc7e3659c43fd&ReportType=2&regl=en-US&IsReportLandscape=False"
EDF4051_CITY_BLOCK-ON_ON_T1-57,"Faculty of Education","https://monash.bluera.com/monash/rpv-eng.aspx?lang=eng&redi=1&SelectedIDforPrint=f1c1b0742e1f30f88c457b7f440f801a5bb54b4c1f63da4762e4f4fc9bf34895ff18d3ea9d295bdc68a61eb1e6f13f7d&ReportType=2&regl=en-US&IsReportLandscape=False"
EDF4107_CITY_BLOCK-ON_ON_T1-57,"Faculty of Education","https://monash.bluera.com/monash/rpv-eng.aspx?lang=eng&redi=1&SelectedIDforPrint=5f0a7ed348ca5841030d89b9349637cf31266e58e8415054f69887f203101271cd0b6dc97866e8ba68ace77cb8de1cc9&ReportType=2&regl=en-US&IsReportLandscape=False"
EDF4108_CITY_BLOCK-ON_ON_T1-57,"Faculty of Education","https://monash.bluera.com/monash/rpv-eng.aspx?lang=eng&redi=1&SelectedIDforPrint=0c40fffa3ad8ba8954f7e71423638984dce99b8925909972b0622fd20f42aa8a97e4d6722eb3a83e9a95c96c46edbe2d&ReportType=2&regl=en-US&IsReportLandscape=False"
EDF4533_OS-HKG_BLOCK-OFF_OFF_T1-57,"Faculty of Education","https://monash.bluera.com/monash/rpv-eng.aspx?lang=eng&redi=1&SelectedIDforPrint=dcfadbf340534fe0b8688b925f677c5517aab46167c0e634505b639b07531c2deeb8e8a45307deeae2744b757c103e30&ReportType=2&regl=en-US&IsReportLandscape=False"
EDF4533_OS-SGP_BLOCK-OFF_OFF_T1-57,"Faculty of Education","https://monash.bluera.com/monash/rpv-eng.aspx?lang=eng&redi=1&SelectedIDforPrint=e2911febffcb3cb9f3d5ce2d3070c98ba1c1cb10aa5ef306c79b95daa5c6a38cfae3793fb86cb4f217b3b84394951019&ReportType=2&regl=en-US&IsReportLandscape=False"
EDF4610_OS-SGP_BLOCK-OFF_OFF_T1-57,"Faculty of Education","https://monash.bluera.com/monash/rpv-eng.aspx?lang=eng&redi=1&SelectedIDforPrint=fe3bc804af12bc2796fdc6c6c9bb790f760dba4a3d6d45d52dd16ce2eaa8ea6d839ca5de884394507bf16efde4efd27e&ReportType=2&regl=en-US&IsReportLandscape=False"
EDF5016_CLAYTON_BLOCK-ON_ON_SSA-02,"Faculty of Education","https://monash.bluera.com/monash/rpv-eng.aspx?lang=eng&redi=1&SelectedIDforPrint=c600a25d2aad4156cfcd5998ae79bfba00380a3d33b1ebe4b13bf697727b1227fa53a6ca5687ebbe9198debf026f5869&ReportType=2&regl=en-US&IsReportLandscape=False"
EDF5019_CLAYTON_BLOCK-ON_ON_SSA-02,"Faculty of Education","https://monash.bluera.com/monash/rpv-eng.aspx?lang=eng&redi=1&SelectedIDforPrint=be01c355f7e59654a02fc89ca43bf61bd1b9dcd3fec5289f3d9261629f016d799267e1bc22e6d7d1e363b1020a5aefcc&ReportType=2&regl=en-US&IsReportLandscape=False"
EDF5032_CLAYTON_BLOCK-ON_ON_SSA-02,"Faculty of Education","https://monash.bluera.com/monash/rpv-eng.aspx?lang=eng&redi=1&SelectedIDforPrint=76f8bee186ad21c90303cee0b8e294b36819d8d8b82ef62c2c61044bfb065fe9bcb09a36b706055fb64efc909d0187a1&ReportType=2&regl=en-US&IsReportLandscape=False"
EDF5036_CLAYTON_BLOCK-ON_ON_SSA-02,"Faculty of Education","https://monash.bluera.com/monash/rpv-eng.aspx?lang=eng&redi=1&SelectedIDforPrint=ad8057ee1d9cd57c4a6aa23ed66a2f654c66772ddbe0297a9154f35eb8457e7c98cb268cfc9b80eca7002c539a6ca3d0&ReportType=2&regl=en-US&IsReportLandscape=False"
EDF5531_OS-HKG_BLOCK-OFF_OFF_T1-57,"Faculty of Education","https://monash.bluera.com/monash/rpv-eng.aspx?lang=eng&redi=1&SelectedIDforPrint=419abf585378ffc88591862e022ad20d24866a04e454fc9d35f66b3fcd222e51c2bf609ce29357b7de29efc499f24e91&ReportType=2&regl=en-US&IsReportLandscape=False"
EDF5531_OS-SGP_BLOCK-OFF_OFF_T1-57,"Faculty of Education","https://monash.bluera.com/monash/rpv-eng.aspx?lang=eng&redi=1&SelectedIDforPrint=a275ddfa1e7b556932c9d67c7b1346055fbae55eaa92744f1eef423e3847ac460c81b3deac070e99e18bfa8b7a16dafb&ReportType=2&regl=en-US&IsReportLandscape=False"
EDF5534_OS-HKG_BLOCK-OFF_OFF_T2-57,"Faculty of Education","https://monash.bluera.com/monash/rpv-eng.aspx?lang=eng&redi=1&SelectedIDforPrint=63f393ed3be4fb378b4cda4e7b5d22906b574e87c0754043594758f2449bdb961b491e48bb73d47060f6fb8d5b17ce69&ReportType=2&regl=en-US&IsReportLandscape=False"
EDF5534_OS-SGP_BLOCK-OFF_OFF_T2-57,"Faculty of Education","https://monash.bluera.com/monash/rpv-eng.aspx?lang=eng&redi=1&SelectedIDforPrint=f552677ef6d2a2907f43e1e097d8cc79a2a6c411e99e5b0c28063afd426162ad43741d807fc49bbce7b6b87dc5eac961&ReportType=2&regl=en-US&IsReportLandscape=False"
EDF5613_CLAYTON_FLEXIBLE_COMPOSITE_T1-57,"Faculty of Education","https://monash.bluera.com/monash/rpv-eng.aspx?lang=eng&redi=1&SelectedIDforPrint=dfcc4c8b84c735e8beb251c723123bc23c33d8c8bc7ba5184d9f515ab7e9705456725a036bc24a54cafa492eaec3297a&ReportType=2&regl=en-US&IsReportLandscape=False"
EDF5637_OS-SGP_BLOCK-OFF_OFF_T1-57,"Faculty of Education","https://monash.bluera.com/monash/rpv-eng.aspx?lang=eng&redi=1&SelectedIDforPrint=a8e946d804868a9741e2d277111c44afc32caee456a3929ef946021d5b286b8f272a6f794dc58f88f83e89e5f5ac2ce3&ReportType=2&regl=en-US&IsReportLandscape=False"
EDF5667_CLAYTON_BLOCK-ON_ON_SSA-02,"Faculty of Education","https://monash.bluera.com/monash/rpv-eng.aspx?lang=eng&redi=1&SelectedIDforPrint=534f7832832d9e51b4148ecccbe16dc6f22c4b05567954d4f574eaf58ca67d594df51e46492e2b601ed26631548cd937&ReportType=2&regl=en-US&IsReportLandscape=False"
EDF5667_OS-SGP_BLOCK-OFF_OFF_T1-57,"Faculty of Education","https://monash.bluera.com/monash/rpv-eng.aspx?lang=eng&redi=1&SelectedIDforPrint=d971e8aeba99285722fcaea19ab585e5488fa26a9e2fa4d29bb019622111dfdb3837b2e9c0389c2022707c3c0415685b&ReportType=2&regl=en-US&IsReportLandscape=False"
EDF5691_CLAYTON_BLOCK-ON_ON_SSA-02,"Faculty of Education","https://monash.bluera.com/monash/rpv-eng.aspx?lang=eng&redi=1&SelectedIDforPrint=f8f623bce4b54cdf7333677a5a4e43fe57a453c2f355c76e9810d21603ff364aa2846eb6be6e83891ca0a5bb84c24594&ReportType=2&regl=en-US&IsReportLandscape=False"
EDF5810_CLAYTON_BLOCK-ON_ON_SSA-02,"Faculty of Education","https://monash.bluera.com/monash/rpv-eng.aspx?lang=eng&redi=1&SelectedIDforPrint=5c08bc4e5cb6fe24eaae9b15a98ea60c3e0f6dc5f0a63bf89c8c150515c453ef4573ddf19bd9553fd61b9323c1b8402d&ReportType=2&regl=en-US&IsReportLandscape=False"
EDF5904_OS-SGP_BLOCK-OFF_OFF_T1-57,"Faculty of Education","https://monash.bluera.com/monash/rpv-eng.aspx?lang=eng&redi=1&SelectedIDforPrint=dda055ba6444c46cfd3591c22a945d67b2f68734656703ae8e7a9e745dfe6255b49c38e3c302a3bd529cf64b9e18bf6b&ReportType=2&regl=en-US&IsReportLandscape=False"
EDF5933_CLAYTON_DAY_ON_SSA-02,"Faculty of Education","https://monash.bluera.com/monash/rpv-eng.aspx?lang=eng&redi=1&SelectedIDforPrint=c2fec47af48db076bdafd5f7004b8fb62be37940dcaf10b13a0e8195fa62789ae6fdfe4ddb8f0c9c941bda4f0ba78a08&ReportType=2&regl=en-US&IsReportLandscape=False"
EDF5943_CLAYTON_DAY_ON_SSA-02,"Faculty of Education","https://monash.bluera.com/monash/rpv-eng.aspx?lang=eng&redi=1&SelectedIDforPrint=40a0a62a6db2261681df716d7039ec04da748a8f6470ade7c516d7e37782faa931a9eb5bc1025b000d08e55cbb041ef0&ReportType=2&regl=en-US&IsReportLandscape=False"
ENG1001_MALAYSIA_DAY_ON_OCT-MY-01,"Faculty of Engineering","https://monash.bluera.com/monash/rpv-eng.aspx?lang=eng&redi=1&SelectedIDforPrint=5c4293b1db5a38ba5d5fbfa7c0a57275388970bc4c964eda67639f3fece8f1818509da8401654f79668d5dddcd9a6f19&ReportType=2&regl=en-US&IsReportLandscape=False"
ENG1005_MALAYSIA_DAY_ON_OCT-MY-01,"Faculty of Engineering","https://monash.bluera.com/monash/rpv-eng.aspx?lang=eng&redi=1&SelectedIDforPrint=899eeaa3fd11fbbd35e47c5c0eef018caeacbdab40067093f49bfa89c173724170c2ac92416d9d7dcc05d06e95520b07&ReportType=2&regl=en-US&IsReportLandscape=False"
ENG1060_MALAYSIA_DAY_ON_OCT-MY-01,"Faculty of Engineering","https://monash.bluera.com/monash/rpv-eng.aspx?lang=eng&redi=1&SelectedIDforPrint=51a9f3a5f42a7d39623886c0ba4ef81fe3f14832f81b8f916e713e809d6e1c59e2e341da5af655878e42830f1f7d9f25&ReportType=2&regl=en-US&IsReportLandscape=False"
ENG1081_MALAYSIA_DAY_ON_OCT-MY-01,"Faculty of Engineering","https://monash.bluera.com/monash/rpv-eng.aspx?lang=eng&redi=1&SelectedIDforPrint=771571e96d8be7aa81387e1df2ef90dd316f1300bc72605e3f6b6f14fc4e605ca42f681863763c038f76d1657e1c16a1&ReportType=2&regl=en-US&IsReportLandscape=False"
ENG1090_MALAYSIA_DAY_ON_OCT-MY-01,"Faculty of Engineering","https://monash.bluera.com/monash/rpv-eng.aspx?lang=eng&redi=1&SelectedIDforPrint=dad71217daa735dd884a08dfe43ce18231c2b74ba6c9a9b7c8af4b18366b57282097cdbe8c2b68ddddb74ee9c0497ee8&ReportType=2&regl=en-US&IsReportLandscape=False"
ETF1100_CITY_DAY_ON_TRI-C-29,"Faculty of Business & Economics","https://monash.bluera.com/monash/rpv-eng.aspx?lang=eng&redi=1&SelectedIDforPrint=e33819d29fb920beb09daabd199129d1aad8e68084fcde866c8645ba94752fc0d0291a2206d0a322e69f963edee027a6&ReportType=2&regl=en-US&IsReportLandscape=False"
ETF5922_CAULFIELD_BLOCK-ON_ON_SSB-01,"Faculty of Business & Economics","https://monash.bluera.com/monash/rpv-eng.aspx?lang=eng&redi=1&SelectedIDforPrint=237028e71998961ec62054dfb460d81eba619361031e0f02d8cfdb4777b5cefe60d2e540be34ebc8f5cefe3f378a8b37&ReportType=2&regl=en-US&IsReportLandscape=False"
ETS1102_SAFRICA_BLOCK-ON_ON_SSA-02,"Faculty of Business & Economics","https://monash.bluera.com/monash/rpv-eng.aspx?lang=eng&redi=1&SelectedIDforPrint=7c3c9fb25eba6168828a25e3f7e4ef64c280d776df145258cbc5d403f8f08d07f35d9c0317c37659935ebec076e0d86f&ReportType=2&regl=en-US&IsReportLandscape=False"
ETX2250_CAULFIELD_BLOCK-ON_ON_SSB-01,"Faculty of Business & Economics","https://monash.bluera.com/monash/rpv-eng.aspx?lang=eng&redi=1&SelectedIDforPrint=6aff905e2aab876aa3957616303147555470659a695c76ce0970aaf2c7d31d0212f8bbffab1a835fe4bcf73fa2b809e7&ReportType=2&regl=en-US&IsReportLandscape=False"
ETX2250_CITY_DAY_ON_SSA-02,"Faculty of Business & Economics","https://monash.bluera.com/monash/rpv-eng.aspx?lang=eng&redi=1&SelectedIDforPrint=19d0e6a15b0740133c2fcccbef99cabb01174dd87a35745e3c3e3e7efc439b67f9c7384b9053eee14032515d9824b194&ReportType=2&regl=en-US&IsReportLandscape=False"
FIT1033_MALAYSIA_DAY_ON_OCT-MY-01,"Faculty of Information Technology","https://monash.bluera.com/monash/rpv-eng.aspx?lang=eng&redi=1&SelectedIDforPrint=48803102c3e360f45e33f87c71c98c108804f786e93f2c6435dda4c562f143d18fdf1e19ed9e025e6ffc97b6b6380f9b&ReportType=2&regl=en-US&IsReportLandscape=False"
FIT1045_MALAYSIA_DAY_ON_OCT-MY-01,"Faculty of Information Technology","https://monash.bluera.com/monash/rpv-eng.aspx?lang=eng&redi=1&SelectedIDforPrint=a729cf15d1f7791afe3d2e228e7b745454f17ac8de343c30e8e4f401dca16b9252eb4bc256971f5369f1f1bfee686c65&ReportType=2&regl=en-US&IsReportLandscape=False"
FIT1047_MALAYSIA_DAY_ON_OCT-MY-01,"Faculty of Information Technology","https://monash.bluera.com/monash/rpv-eng.aspx?lang=eng&redi=1&SelectedIDforPrint=bdca451b95aaee6cbbb702c8ce7828922d2fcb4069dedcbab7a253755df73cbe88e91bb3676f3933cb110c2ddfc64c6e&ReportType=2&regl=en-US&IsReportLandscape=False"
FIT1051_SAFRICA_DAY_ON_SSA-02,"Faculty of Information Technology","https://monash.bluera.com/monash/rpv-eng.aspx?lang=eng&redi=1&SelectedIDforPrint=74d9862fd907db9011d18c3b0ce8c11f3ee374f1a9fe9a8cab6102c8262c287fae0600b5cb0740074c6439da154a6d58&ReportType=2&regl=en-US&IsReportLandscape=False"
FIT2002_CLAYTON_DAY_ON_SSA-02,"Faculty of Information Technology","https://monash.bluera.com/monash/rpv-eng.aspx?lang=eng&redi=1&SelectedIDforPrint=008af8da0f1d80dc7560e10ba23777a75d41ec976aa92275e62a036d857ca85ec879ec87c89db5f8dabe404446ae2125&ReportType=2&regl=en-US&IsReportLandscape=False"
FIT2081_CLAYTON_DAY_ON_SSA-02,"Faculty of Information Technology","https://monash.bluera.com/monash/rpv-eng.aspx?lang=eng&redi=1&SelectedIDforPrint=a5b96199c764647db1c5f37774ee0a19d8b86e5350facda901a955243646739c2d9501759007efa6ff99920919c77296&ReportType=2&regl=en-US&IsReportLandscape=False"
FIT2081_SAFRICA_DAY_ON_SSA-02,"Faculty of Information Technology","https://monash.bluera.com/monash/rpv-eng.aspx?lang=eng&redi=1&SelectedIDforPrint=69266a0a4cf9f0adce5c12fbdb5bc6dada3c9fab83e11cb7751e321d6b5ceed6c360869eba2eed8bd36ae312b6a91a6c&ReportType=2&regl=en-US&IsReportLandscape=False"
FIT3031_CLAYTON_ON-CAMPUS_ON_SSB-01,"Faculty of Information Technology","https://monash.bluera.com/monash/rpv-eng.aspx?lang=eng&redi=1&SelectedIDforPrint=dce2d81ace3dcc3b196eb1b7daaba4a5049a65576707fb8f54ab15d71073051ba78da47516257c2a6b947825d485c7b0&ReportType=2&regl=en-US&IsReportLandscape=False"
FIT3046_SAFRICA_ON-CAMPUS_ON_SSB-01,"Faculty of Information Technology","https://monash.bluera.com/monash/rpv-eng.aspx?lang=eng&redi=1&SelectedIDforPrint=db6f5295aa46c261f105ba175b5c7e07d731980428a267854c47d11a6e173687538fd72ca1953f6fa1d6584b63d98be5&ReportType=2&regl=en-US&IsReportLandscape=False"
FIT3048_CAULFIELD_DAY_ON_SSA-02,"Faculty of Information Technology","https://monash.bluera.com/monash/rpv-eng.aspx?lang=eng&redi=1&SelectedIDforPrint=11bc0798facd63dc9b6abe8a28a806b1ca54d8aa7f59aa0a600448becbd9a2ac0ea6dced860d72f858d32894f29e3712&ReportType=2&regl=en-US&IsReportLandscape=False"
FIT5057_CAULFIELD_ON-CAMPUS_ON_SSB-01,"Faculty of Information Technology","https://monash.bluera.com/monash/rpv-eng.aspx?lang=eng&redi=1&SelectedIDforPrint=61e31260252feb5342c4b633805cd03a050f58274861910f7afd1db15127713ac0dc2f50986cfa04bf1c7bed7438d005&ReportType=2&regl=en-US&IsReportLandscape=False"
FIT5145_CAULFIELD_ON-CAMPUS_ON_SSB-01,"Faculty of Information Technology","https://monash.bluera.com/monash/rpv-eng.aspx?lang=eng&redi=1&SelectedIDforPrint=afae91d8eaf59e85a224d865c196a92aef008582b754816e93bb62f90e0ee21c8ddd0da1ad7e2300c01c64bd967b52a4&ReportType=2&regl=en-US&IsReportLandscape=False"
FIT5145_ONLINE_MO_OFF_MO-TP1-01,"Faculty of Information Technology","https://monash.bluera.com/monash/rpv-eng.aspx?lang=eng&redi=1&SelectedIDforPrint=f157517333c8d28299bc081e85a1a09f81bd5a25b389baad3379476657afd3a4f9713a995dda10ea958cdb63dffcca4a&ReportType=2&regl=en-US&IsReportLandscape=False"
FIT5146_ONLINE_MO_OFF_MO-TP1-01,"Faculty of Information Technology","https://monash.bluera.com/monash/rpv-eng.aspx?lang=eng&redi=1&SelectedIDforPrint=2e206a567416bcd4e563f396b2ce6ccfa4d47c5bdafc8682e0b4b4c54c771bbff34b69b73564473ddf8f4168724b828b&ReportType=2&regl=en-US&IsReportLandscape=False"
FIT5149_ONLINE_MO_OFF_MO-TP6-01,"Faculty of Information Technology","https://monash.bluera.com/monash/rpv-eng.aspx?lang=eng&redi=1&SelectedIDforPrint=0074baa7440d47d062d7281176ce25a2098ca8a9081d1dbb913dda01c82bf473a80e570266009401ec0f58df57a8e92a&ReportType=2&regl=en-US&IsReportLandscape=False"
FIT5152_CAULFIELD_ON-CAMPUS_ON_SSB-01,"Faculty of Information Technology","https://monash.bluera.com/monash/rpv-eng.aspx?lang=eng&redi=1&SelectedIDforPrint=fb2a0eca40a410ebb5cb1ec808566abe869ce3e7b779583699688aa3c6b0474500f63058e0e90c6406af62de16ef1674&ReportType=2&regl=en-US&IsReportLandscape=False"
FIT5196_ONLINE_MO_OFF_MO-TP6-01,"Faculty of Information Technology","https://monash.bluera.com/monash/rpv-eng.aspx?lang=eng&redi=1&SelectedIDforPrint=65e0bcc3df82dab34f09704f23e2a0eaf7acf06021e9e64b06a557e61f31cc5de09f14917ceef33afed58b3f414322f1&ReportType=2&regl=en-US&IsReportLandscape=False"
FIT9131_CAULFIELD_DAY_ON_SSA-02,"Faculty of Information Technology","https://monash.bluera.com/monash/rpv-eng.aspx?lang=eng&redi=1&SelectedIDforPrint=d5aa0edc370499ecaacfe666ea538ce5ce733cf3530b8b4ebd3cd2bdf85d420e2e2a277548a08b7243d13bbc1b5a508c&ReportType=2&regl=en-US&IsReportLandscape=False"
FIT9132_ONLINE_MO_OFF_MO-TP6-01,"Faculty of Information Technology","https://monash.bluera.com/monash/rpv-eng.aspx?lang=eng&redi=1&SelectedIDforPrint=4bfdd550b1d61c814435ec49a2acf131c439ac370935272598250e8a9d9ba6f70e319907e9aa2b647581a848ad020225&ReportType=2&regl=en-US&IsReportLandscape=False"
LAW4173_CLAYTON_DAY_ON_SSA-02,"Faculty of Law","https://monash.bluera.com/monash/rpv-eng.aspx?lang=eng&redi=1&SelectedIDforPrint=5e098b8bed41a85fd4fbcc407ee0df5d6876b019533459ffc383e5a51adf554b15e5b5d538b6363f636edbbbdfb10358&ReportType=2&regl=en-US&IsReportLandscape=False"
LAW4174_CLAYTON_DAY_ON_SSA-02,"Faculty of Law",
LAW4177_CLAYTON_DAY_ON_SSA-02,"Faculty of Law","https://monash.bluera.com/monash/rpv-eng.aspx?lang=eng&redi=1&SelectedIDforPrint=3a2536b73baf5c4e8edd092996b1f9c44dd56a5cf0875f83f938451062e8a0840985059d925824471f0768540eace00a&ReportType=2&regl=en-US&IsReportLandscape=False"
LAW4250_CLAYTON_DAY_ON_SSA-02,"Faculty of Law","https://monash.bluera.com/monash/rpv-eng.aspx?lang=eng&redi=1&SelectedIDforPrint=9f63d9da5e4ff00e0f1674048c4555d15116ebcd172319d29e1afa1b9182a90da81ded31159bb9588d7cc478f3763e08&ReportType=2&regl=en-US&IsReportLandscape=False"
LAW4303_CLAYTON_ON-CAMPUS_ON_SSB-01,"Faculty of Law","https://monash.bluera.com/monash/rpv-eng.aspx?lang=eng&redi=1&SelectedIDforPrint=78822e887ca243e5d77ea7385733a6d859a94d5d6f841807258f84e689a9ad07fd9a0b28032fe6815e2bcb3a65d5a947&ReportType=2&regl=en-US&IsReportLandscape=False"
LAW4306_CLAYTON_ON-CAMPUS_ON_SSB-01,"Faculty of Law","https://monash.bluera.com/monash/rpv-eng.aspx?lang=eng&redi=1&SelectedIDforPrint=606bd3ea4479b03f100801e58abd1f63ad8d2b18c9ad19920adf9bea246ca4ef5be200073e5bd9654516e8257953ea88&ReportType=2&regl=en-US&IsReportLandscape=False"
LAW4309_CLAYTON_DAY_ON_SSA-02,"Faculty of Law","https://monash.bluera.com/monash/rpv-eng.aspx?lang=eng&redi=1&SelectedIDforPrint=ea0fa983de7eced8444e302e484ad81156aa5892834e9a5d484a802da53abecb631c41be39b21b8a524ee0156d63e0bb&ReportType=2&regl=en-US&IsReportLandscape=False"
LAW4523_CLAYTON_ON-CAMPUS_ON_SSB-01,"Faculty of Law","https://monash.bluera.com/monash/rpv-eng.aspx?lang=eng&redi=1&SelectedIDforPrint=5ccc7f884f40a93d840537f3d9c9982b74b05ce7805ece65505d7cdf2c8e8220cba5ef96825d1a1077c13bb82df03251&ReportType=2&regl=en-US&IsReportLandscape=False"
LAW4806_CLAYTON_DAY_ON_SSA-02,"Faculty of Law",
LAW5000_CITY_ON-CAMPUS_ON_T1-58,"Faculty of Law","https://monash.bluera.com/monash/rpv-eng.aspx?lang=eng&redi=1&SelectedIDforPrint=6d551f8f8d3c727028fefa162fa723675ffe25f25d2ee2c2e58ff58606065434b37fd80c10f7aa0abef88f060f4fa35b&ReportType=2&regl=en-US&IsReportLandscape=False"
LAW5001_CITY_ON-CAMPUS_ON_T1-58,"Faculty of Law","https://monash.bluera.com/monash/rpv-eng.aspx?lang=eng&redi=1&SelectedIDforPrint=142b89bb7c71936a2d69714556f62fe1f2bc928a88eb97f725bb70dc521165ead0bf07ed07e7a8b024b0cc1933464d9b&ReportType=2&regl=en-US&IsReportLandscape=False"
LAW5002_CITY_ON-CAMPUS_ON_T1-58,"Faculty of Law","https://monash.bluera.com/monash/rpv-eng.aspx?lang=eng&redi=1&SelectedIDforPrint=d2533a873fb976352ecfc537b2e9f94f8fd809880efa3b8a4f856ae6c4e285bc0b1fec51997958fe0b248bae49c12a70&ReportType=2&regl=en-US&IsReportLandscape=False"
LAW5003_CITY_ON-CAMPUS_ON_T1-58,"Faculty of Law","https://monash.bluera.com/monash/rpv-eng.aspx?lang=eng&redi=1&SelectedIDforPrint=a30fb68976d7ec94e071a5a9c1e73dae59206441c06c7d063a86f39df7e37382930663846afa0ad488eca0b5b4871ce2&ReportType=2&regl=en-US&IsReportLandscape=False"
LAW5004_CITY_ON-CAMPUS_ON_T1-58,"Faculty of Law","https://monash.bluera.com/monash/rpv-eng.aspx?lang=eng&redi=1&SelectedIDforPrint=8d8fe7abca1a629ae476a72d53064a8b25d7fe4b2ef8cff4c8560f31edfb8e94340079559ab1e14ee277f3f61fd8d37f&ReportType=2&regl=en-US&IsReportLandscape=False"
LAW5005_CITY_ON-CAMPUS_ON_T1-58,"Faculty of Law","https://monash.bluera.com/monash/rpv-eng.aspx?lang=eng&redi=1&SelectedIDforPrint=2dabc4cf6b952efecd66132f714a378c097946725b900a7457f784daf4201e9886efae9b70b078658ce756b1a7de98b2&ReportType=2&regl=en-US&IsReportLandscape=False"
LAW5006_CITY_ON-CAMPUS_ON_T1-58,"Faculty of Law","https://monash.bluera.com/monash/rpv-eng.aspx?lang=eng&redi=1&SelectedIDforPrint=327c853f06e8d8474a6b42329f5ef3f30b2b1eb08d777408f07b6adf3e97dc6fd6052ebc96616a6e7702eb4ec1bf325f&ReportType=2&regl=en-US&IsReportLandscape=False"
LAW5007_CITY_ON-CAMPUS_ON_T1-58,"Faculty of Law","https://monash.bluera.com/monash/rpv-eng.aspx?lang=eng&redi=1&SelectedIDforPrint=ea3bd5527492147e2c600cef267fbfe07d7337066fb9573e305ce3a9904d4e170ca76cedbc358d1d26f78adf9268d922&ReportType=2&regl=en-US&IsReportLandscape=False"
LAW5008_CITY_ON-CAMPUS_ON_T1-58,"Faculty of Law","https://monash.bluera.com/monash/rpv-eng.aspx?lang=eng&redi=1&SelectedIDforPrint=2245601deacd15d77466906eee27a87117ac5aabf43dab862638a3fcdc1e193d68c383ded20bc10f0518947ba41e39d8&ReportType=2&regl=en-US&IsReportLandscape=False"
LAW5010_CITY_ON-CAMPUS_ON_T1-58,"Faculty of Law","https://monash.bluera.com/monash/rpv-eng.aspx?lang=eng&redi=1&SelectedIDforPrint=7a4a8e1b6d00966ec3a8192ae20570ed73a5a6b008d7fcc85dac4c345f90b3da7e49d113e89de4c1b974ef8e5024c50e&ReportType=2&regl=en-US&IsReportLandscape=False"
LAW5011_CITY_ON-CAMPUS_ON_T1-58,"Faculty of Law","https://monash.bluera.com/monash/rpv-eng.aspx?lang=eng&redi=1&SelectedIDforPrint=67a133a74c7fb7d07c01f04aa61b20abd4f093ab88d31ec3ec381d86f8acc2e9709d653aa2fb140d27c42cbf877c6bca&ReportType=2&regl=en-US&IsReportLandscape=False"
LAW5012_CITY_ON-CAMPUS_ON_T1-58,"Faculty of Law","https://monash.bluera.com/monash/rpv-eng.aspx?lang=eng&redi=1&SelectedIDforPrint=48ce421cee8774b670adffe31f8146f8037a05d77394e405c23846442e43178f92f468939182027d3ed3dce29b266212&ReportType=2&regl=en-US&IsReportLandscape=False"
LAW5013_CITY_ON-CAMPUS_ON_T1-58,"Faculty of Law","https://monash.bluera.com/monash/rpv-eng.aspx?lang=eng&redi=1&SelectedIDforPrint=23e97635ca924efecf573a102ab4390f012276c21bbba02b396757ed63e904c1080d96c5711da117b7c9231c7e195d1f&ReportType=2&regl=en-US&IsReportLandscape=False"
LAW5014_CITY_ON-CAMPUS_ON_T1-58,"Faculty of Law","https://monash.bluera.com/monash/rpv-eng.aspx?lang=eng&redi=1&SelectedIDforPrint=b4ef516665d17987e26c48981484c45e446a885bba820189e92f0326dfe37dd12a053e3777936472a65778a9cb76c6cd&ReportType=2&regl=en-US&IsReportLandscape=False"
LAW5015_CITY_ON-CAMPUS_ON_T1-58,"Faculty of Law","https://monash.bluera.com/monash/rpv-eng.aspx?lang=eng&redi=1&SelectedIDforPrint=d64563cd830786bcd23df64bef653656fe3a0062419bf092641c25073e6710f780f9c918180d3f6d0b401a279920a815&ReportType=2&regl=en-US&IsReportLandscape=False"
LAW5018_CITY_ON-CAMPUS_ON_T1-58,"Faculty of Law","https://monash.bluera.com/monash/rpv-eng.aspx?lang=eng&redi=1&SelectedIDforPrint=353b8aa7559eada0c815760336640ed9170091916b9cb3cb233d37627b0ee40dbc67dee89cdaaff4c3187b8aadef2e76&ReportType=2&regl=en-US&IsReportLandscape=False"
LAW5050_CLAYTON_EVENING_ON_SSA-02,"Faculty of Law","https://monash.bluera.com/monash/rpv-eng.aspx?lang=eng&redi=1&SelectedIDforPrint=7d6346d767231f00ead0ba049c344ef3531eb7b343d765afdec80f8d2c8691e7c931021965ad74d29288e0016fbbd273&ReportType=2&regl=en-US&IsReportLandscape=False"
LAW5080_CITY_BLOCK-ON_ON_T1-58,"Faculty of Law","https://monash.bluera.com/monash/rpv-eng.aspx?lang=eng&redi=1&SelectedIDforPrint=6072f0a0eb4ae9fd53f3042a671ba1d04a6a4aa4524646cf61e1b4fa2de58ad3315b04c8f4136be1e49eb63efa77b6ea&ReportType=2&regl=en-US&IsReportLandscape=False"
LAW5081_CITY_ONLINE_OFF_T1-58,"Faculty of Law","https://monash.bluera.com/monash/rpv-eng.aspx?lang=eng&redi=1&SelectedIDforPrint=19d25b61d5163589c0826d40ecb2ab67daf3aa4190fcfc0ed660c5ed091d0069027a5d7396d14d323f8a64c74da49330&ReportType=2&regl=en-US&IsReportLandscape=False"
LAW5082_CITY_BLOCK-ON_ON_SSA-02,"Faculty of Law","https://monash.bluera.com/monash/rpv-eng.aspx?lang=eng&redi=1&SelectedIDforPrint=55420ac1d43106b386f4b8471bb2eef54e28fcae5c8b52493d72633ce5608ff30dd686e1915ee7d72f746edf0cde7354&ReportType=2&regl=en-US&IsReportLandscape=False"
LAW5082_CITY_BLOCK-ON_ON_T1-57,"Faculty of Law",
LAW5082_CITY_BLOCK-ON_ON_T1-58,"Faculty of Law",
LAW5083_CITY_DAY_ON_SSA-02,"Faculty of Law",
LAW5083_CITY_ON-CAMPUS_ON_T1-57,"Faculty of Law",
LAW5304_CITY_BLOCK-ON_ON_T1-58,"Faculty of Law","https://monash.bluera.com/monash/rpv-eng.aspx?lang=eng&redi=1&SelectedIDforPrint=091a5508285b0a5ef93f027562cdc26970d624e3c3e9351c7ba6c59394cbef0e92252defb882f3a128f5136dc8d3c4e3&ReportType=2&regl=en-US&IsReportLandscape=False"
LAW5340_CITY_ON-CAMPUS_ON_T1-58,"Faculty of Law","https://monash.bluera.com/monash/rpv-eng.aspx?lang=eng&redi=1&SelectedIDforPrint=a1cfd6c5a3666c8c9f55ce31b1b44ba5335955bca4e200e8f4829c02cd0497557acc9279868f996e61cd2945360813d7&ReportType=2&regl=en-US&IsReportLandscape=False"
LAW5341_CITY_DAY_ON_SSA-02,"Faculty of Law","https://monash.bluera.com/monash/rpv-eng.aspx?lang=eng&redi=1&SelectedIDforPrint=cf047e827565de54d330d786f0473276688beff4bc5173a04ce04bf665cf8c2ec16ac95ee378ffe6985fe8cbbc200582&ReportType=2&regl=en-US&IsReportLandscape=False"
LAW5346_CITY_BLOCK-ON_ON_T1-58,"Faculty of Law","https://monash.bluera.com/monash/rpv-eng.aspx?lang=eng&redi=1&SelectedIDforPrint=61073a9f2bc9ffd70e109e888ae61024957678e36bdc0368549844ecea3782101a9f66ba7c1905c05217bc4405415526&ReportType=2&regl=en-US&IsReportLandscape=False"
LAW5350_CITY_BLOCK-ON_ON_SSA-02,"Faculty of Law","https://monash.bluera.com/monash/rpv-eng.aspx?lang=eng&redi=1&SelectedIDforPrint=a12c4325184e81a11884f1e941dcc7ec408a506930667345896bed1e42227a8d386baa337b6f08b566813256700466e8&ReportType=2&regl=en-US&IsReportLandscape=False"
LAW5361_CITY_BLOCK-ON_ON_T1-58,"Faculty of Law","https://monash.bluera.com/monash/rpv-eng.aspx?lang=eng&redi=1&SelectedIDforPrint=794ba763d349df9991d08402f36b13d0cebd6cdcdcbce448dd16a227d0ac5c6c86852739a088bac16ae5bb0a959d2801&ReportType=2&regl=en-US&IsReportLandscape=False"
LAW5385_CITY_BLOCK-ON_ON_T1-58,"Faculty of Law","https://monash.bluera.com/monash/rpv-eng.aspx?lang=eng&redi=1&SelectedIDforPrint=804b282f45c5635e17195422571960ed6e250ac7ca48c370275bfc6780cd8bb3385c942e4726ff134e186f518fff4164&ReportType=2&regl=en-US&IsReportLandscape=False"
LAW5409_CITY_BLOCK-ON_ON_T1-58,"Faculty of Law","https://monash.bluera.com/monash/rpv-eng.aspx?lang=eng&redi=1&SelectedIDforPrint=d07c3fa3d89ef50d76d1e6eb128b4717c4bd72c3875eb7d8691e4fd555d24d121bc6ffeabc6dddc41697f3653bc5cbaf&ReportType=2&regl=en-US&IsReportLandscape=False"
LAW5411_CITY_ON-CAMPUS_ON_T1-58,"Faculty of Law","https://monash.bluera.com/monash/rpv-eng.aspx?lang=eng&redi=1&SelectedIDforPrint=9ecb917bfb701526c585dda99983acf109cda3c247c93eb0ed73121293985345716d56228114e789d534f19a358d0890&ReportType=2&regl=en-US&IsReportLandscape=False"
LAW5428_CITY_BLOCK-ON_ON_T1-57,"Faculty of Law","https://monash.bluera.com/monash/rpv-eng.aspx?lang=eng&redi=1&SelectedIDforPrint=1efa1fb6731bd9f6d2684e31b4f85b99180a805bc2b0744ece5343eb58618bda849e3ffc591d0cfcc4f31a6b9be17193&ReportType=2&regl=en-US&IsReportLandscape=False"
LAW5430_CITY_BLOCK-ON_ON_T1-58,"Faculty of Law","https://monash.bluera.com/monash/rpv-eng.aspx?lang=eng&redi=1&SelectedIDforPrint=a4b67aa219ff6c643af4f8f425739bee781c7c0d5ee3d6327f0f3a9d39e6b8b96a811e6c59c7a7af3439ad6df5b60f3c&ReportType=2&regl=en-US&IsReportLandscape=False"
LAW5448_CITY_ONLINE_OFF_T1-58,"Faculty of Law","https://monash.bluera.com/monash/rpv-eng.aspx?lang=eng&redi=1&SelectedIDforPrint=2cec0ed2e316a8942e73f00f797ee9ca2eeae369166b977de6a5c1b2e1842c767603f2336bd310a84eb1491c53989652&ReportType=2&regl=en-US&IsReportLandscape=False"
LAW5466_CITY_BLOCK-ON_ON_T1-57,"Faculty of Law","https://monash.bluera.com/monash/rpv-eng.aspx?lang=eng&redi=1&SelectedIDforPrint=e65c59df4fa76bf08726db9577d552151c1e3931e2323109ca0314b578ef10da9d20dbf8773867c69347d2022a20518c&ReportType=2&regl=en-US&IsReportLandscape=False"
MAT1830_MALAYSIA_DAY_ON_OCT-MY-01,"Faculty of Information Technology","https://monash.bluera.com/monash/rpv-eng.aspx?lang=eng&redi=1&SelectedIDforPrint=59fb184bd39818e1790174421cb2ead597ae43aa83e36a7dc1bbcef7511f09e5d7b4de353b0cbf7902758f01d3b2f56d&ReportType=2&regl=en-US&IsReportLandscape=False"
MAT9004_CAULFIELD_DAY_ON_SSA-02,"Faculty of Information Technology","https://monash.bluera.com/monash/rpv-eng.aspx?lang=eng&redi=1&SelectedIDforPrint=cf54843d9a16736d1c3777950d54fb6a70b2f9662a999ca128a45c70072ac02989be4e17896c2534f47a3b61affe4308&ReportType=2&regl=en-US&IsReportLandscape=False"
MAT9004_ONLINE_MO_OFF_MO-TP1-01,"Faculty of Information Technology","https://monash.bluera.com/monash/rpv-eng.aspx?lang=eng&redi=1&SelectedIDforPrint=5d0f31638d041a084e8bc02976dcbe76e97557fc8bad090478b0771223fd5eff5372637325f43313efca791680c61e3e&ReportType=2&regl=en-US&IsReportLandscape=False"
MBA5211_CAULFIELD_BLOCK-ON_ON_MBA-TP4-01,"Faculty of Business & Economics","https://monash.bluera.com/monash/rpv-eng.aspx?lang=eng&redi=1&SelectedIDforPrint=eaf86127cf8a5973db7e26dc6c124f91429c34c4545153214579afce4ac0a760646a07d50e4db81f997ab16ba0a5626d&ReportType=2&regl=en-US&IsReportLandscape=False"
MBA5213_CAULFIELD_BLOCK-ON_ON_T4-57,"Faculty of Business & Economics","https://monash.bluera.com/monash/rpv-eng.aspx?lang=eng&redi=1&SelectedIDforPrint=da3c2651bda97d01e7724db504eb18a75c28d6b1fdf73c76c3579f0a34b9e4672e0d0595ace32380e54a8ec6d20ef55c&ReportType=2&regl=en-US&IsReportLandscape=False"
MBA5701_MALAYSIA_BLOCK-ON_ON_MBA-TP4-01,"Faculty of Business & Economics","https://monash.bluera.com/monash/rpv-eng.aspx?lang=eng&redi=1&SelectedIDforPrint=eacb0722c12ff71984682ea9a56488c5ce82ee382f2c6e48574b6d1f0b06eb6f0a0f3e03266065217aa5c7f7d11107f9&ReportType=2&regl=en-US&IsReportLandscape=False"
MBA5706_MALAYSIA_BLOCK-ON_ON_MBA-TP4-01,"Faculty of Business & Economics","https://monash.bluera.com/monash/rpv-eng.aspx?lang=eng&redi=1&SelectedIDforPrint=6855f65bed7c87980b7aefea4707e62434c72eb536bcedab1dc348ec2f11e38740fb23c0e88c4f824d87a5cf3f6aaa8f&ReportType=2&regl=en-US&IsReportLandscape=False"
MBA5722_CAULFIELD_DAY_ON_MBA-TP5-01,"Faculty of Business & Economics","https://monash.bluera.com/monash/rpv-eng.aspx?lang=eng&redi=1&SelectedIDforPrint=67b626eed6c39e8a93d27a5a3422f8246eb2bdfce747802ce3dc264d299c0cc6d952d9647a16b7c9f31f06c1dba7a456&ReportType=2&regl=en-US&IsReportLandscape=False"
MGF1010_CITY_DAY_ON_TRI-C-29,"Faculty of Business & Economics","https://monash.bluera.com/monash/rpv-eng.aspx?lang=eng&redi=1&SelectedIDforPrint=b8867e3c1128989380773e7ebfd45393012e694536fa9721fcdd5e2ae8a60c25ac30bf43393f5f2cc024ab3eac61bab0&ReportType=2&regl=en-US&IsReportLandscape=False"
MGF1100_CITY_DAY_ON_TRI-C-29,"Faculty of Business & Economics","https://monash.bluera.com/monash/rpv-eng.aspx?lang=eng&redi=1&SelectedIDforPrint=8037265b93c5111979a0efcbf7bc89b6c931046d6e8cef32a1f83f2f9ecdfb475f0443712d9c46bdaa230f97411ae43c&ReportType=2&regl=en-US&IsReportLandscape=False"
MGF2351_CITY_DAY_ON_SSA-02,"Faculty of Business & Economics","https://monash.bluera.com/monash/rpv-eng.aspx?lang=eng&redi=1&SelectedIDforPrint=ffbec5030cd82ddcef65763bd611492c0fd73836dca29b7661efb7ba4cf92e523f6392bfac31a7f4d1b9e127e8a7f494&ReportType=2&regl=en-US&IsReportLandscape=False"
MGF3681_CITY_ON-CAMPUS_ON_SSB-01,"Faculty of Business & Economics","https://monash.bluera.com/monash/rpv-eng.aspx?lang=eng&redi=1&SelectedIDforPrint=74b387f2475ac39d69164f0c94624fe91e0133a8b56085986e4059d8da035183ae276c8f9d6f624bc7da651b8e156199&ReportType=2&regl=en-US&IsReportLandscape=False"
MGS1010_SAFRICA_BLOCK-ON_ON_SSA-02,"Faculty of Business & Economics","https://monash.bluera.com/monash/rpv-eng.aspx?lang=eng&redi=1&SelectedIDforPrint=2875b2b531bcbb850308ce5c5aece5ae068def8ad69e2a51baceba2993c4d7ffdca6b7266c4430496bd8d3ea017db3ae&ReportType=2&regl=en-US&IsReportLandscape=False"
MGS2351_SAFRICA_BLOCK-ON_ON_SSA-02,"Faculty of Business & Economics","https://monash.bluera.com/monash/rpv-eng.aspx?lang=eng&redi=1&SelectedIDforPrint=09d698e488c5d0a6c480b14d615dd56474a1044932ef84806f3bad9aa6d29559e4ed0e22dcb8917a147f4fb50ba05139&ReportType=2&regl=en-US&IsReportLandscape=False"
MGS3401_SAFRICA_BLOCK-ON_ON_SSB-01,"Faculty of Business & Economics","https://monash.bluera.com/monash/rpv-eng.aspx?lang=eng&redi=1&SelectedIDforPrint=654b5dbd13c7d967aea6a067ac4a1276305003ac551f554f47862645353b5813df9f25f489bf9296459a3271c9a43b90&ReportType=2&regl=en-US&IsReportLandscape=False"
MGS5000_SAFRICA_BLOCK-ON_ON_T1-57,"Faculty of Business & Economics","https://monash.bluera.com/monash/rpv-eng.aspx?lang=eng&redi=1&SelectedIDforPrint=8fb76f8c02e83b1ce2eea4aba0d30f31919bdd04cb8d890c020d9d0f7f8271810bc7dace007ebcea91bb96460afc79ac&ReportType=2&regl=en-US&IsReportLandscape=False"
MGS5181_SAFRICA_BLOCK-ON_ON_T1-57,"Faculty of Business & Economics",
MGS5901_SAFRICA_BLOCK-ON_ON_T1-57,"Faculty of Business & Economics",
MGS5966_SAFRICA_BLOCK-ON_ON_T1-57,"Faculty of Business & Economics","https://monash.bluera.com/monash/rpv-eng.aspx?lang=eng&redi=1&SelectedIDforPrint=bacd4019a64bc3ef825cacfa100a23a08dcce830c1571143345f2e581ce427b769aecfc6b7ff9104cfa09d3df7993787&ReportType=2&regl=en-US&IsReportLandscape=False"
MGW1010_MALAYSIA_DAY_ON_OCT-MY-01,"Faculty of Business & Economics","https://monash.bluera.com/monash/rpv-eng.aspx?lang=eng&redi=1&SelectedIDforPrint=82d7f965fd0f5a7102fc20d4db3e0ae2c081167647d90d85c68a98bc26bd84b4fdc2e613e2e17bb836ed6e589c7ee2cc&ReportType=2&regl=en-US&IsReportLandscape=False"
MGX3991_PRATO_BLOCK-ON_ON_SSA-02,"Faculty of Business & Economics","https://monash.bluera.com/monash/rpv-eng.aspx?lang=eng&redi=1&SelectedIDforPrint=6bb9fcaaa21d631f211818af509ea5df23df6384d0aa30aefef3fce6a54de8872cbad7595196ff9869cd1002d009c670&ReportType=2&regl=en-US&IsReportLandscape=False"
MGX5890_MALAYSIA_ON-CAMPUS_ON_SSB-01,"Faculty of Business & Economics","https://monash.bluera.com/monash/rpv-eng.aspx?lang=eng&redi=1&SelectedIDforPrint=ef737c4f30def7885d89aba14b114ee1bec4821c0c8164692252c8f04c51ef1fe67b286e9d434459a42320692a57fb7d&ReportType=2&regl=en-US&IsReportLandscape=False"
MKF1120_CITY_DAY_ON_TRI-C-29,"Faculty of Business & Economics","https://monash.bluera.com/monash/rpv-eng.aspx?lang=eng&redi=1&SelectedIDforPrint=5f0fd2386f7874262fee187c6d23111e1435a50c2882bca667b2a8beb010e18a329305b31e341b0643be28bc0716d98a&ReportType=2&regl=en-US&IsReportLandscape=False"
MKF2111_CITY_DAY_ON_TRI-C-29,"Faculty of Business & Economics","https://monash.bluera.com/monash/rpv-eng.aspx?lang=eng&redi=1&SelectedIDforPrint=fe925311be05254d6aa1bf42b83fcdeec72fa84638b8af9a8080000f2d70130953451835dafa211a9944e51d8bf91922&ReportType=2&regl=en-US&IsReportLandscape=False"
MKF3301_CAULFIELD_SPLIT-ON_ON_SSA-02,"Faculty of Business & Economics","https://monash.bluera.com/monash/rpv-eng.aspx?lang=eng&redi=1&SelectedIDforPrint=eae41fe08121149c6aba5960465f484289e26ea41c9113ebcc1996ce49891183ef1c18e46b7601f0e1a51eb4a53033be&ReportType=2&regl=en-US&IsReportLandscape=False"
MKM5211_MALAYSIA_DAY_ON_SSA-02,"Faculty of Business & Economics","https://monash.bluera.com/monash/rpv-eng.aspx?lang=eng&redi=1&SelectedIDforPrint=602e1cfb78a304697353c87810562cb07e6af28a6230499f3f1e74d6d36776d45e77288c694cf4bd0e1b8599e4e6e460&ReportType=2&regl=en-US&IsReportLandscape=False"
MKS1120_SAFRICA_BLOCK-ON_ON_SSB-01,"Faculty of Business & Economics","https://monash.bluera.com/monash/rpv-eng.aspx?lang=eng&redi=1&SelectedIDforPrint=54ffc7804b9fc19542ff6349b4c2752e7364a5d3a170ead2cb156acc058ce1ce61e00b2412d09fcae08ef205c1de6778&ReportType=2&regl=en-US&IsReportLandscape=False"
MKS2420_SAFRICA_BLOCK-ON_ON_SSB-01,"Faculty of Business & Economics","https://monash.bluera.com/monash/rpv-eng.aspx?lang=eng&redi=1&SelectedIDforPrint=b4b08b5bb6d15a981b2bb9e1c733014b73e515d1f78f07f573263463617788814e3fec3079f40e21700324cbbc23662f&ReportType=2&regl=en-US&IsReportLandscape=False"
MKS2431_SAFRICA_BLOCK-ON_ON_SSB-01,"Faculty of Business & Economics","https://monash.bluera.com/monash/rpv-eng.aspx?lang=eng&redi=1&SelectedIDforPrint=afc52e0fedb0da92f1e946f4986bda44f44bdd9e1f43c4c8854bab8c384e03bb93c72f5af92da1e499bccbd7d9bbbd4d&ReportType=2&regl=en-US&IsReportLandscape=False"
MKW1120_MALAYSIA_DAY_ON_OCT-MY-01,"Faculty of Business & Economics","https://monash.bluera.com/monash/rpv-eng.aspx?lang=eng&redi=1&SelectedIDforPrint=419d711eb586e0bb27d7d459908e4b66bbcb0495acc4a5cf213a9f3429aa8571f92360b69018fbafaf9144f4802d948c&ReportType=2&regl=en-US&IsReportLandscape=False"
MKX3521_CAULFIELD_DAY_ON_SSA-02,"Faculty of Business & Economics","https://monash.bluera.com/monash/rpv-eng.aspx?lang=eng&redi=1&SelectedIDforPrint=417d7cd69f789fc53442ff0196afb8857a3b73a52d2fad9e4745842d4d8018bda9dacd21b7e5ae68727149978446496c&ReportType=2&regl=en-US&IsReportLandscape=False"
MKX5521_CAULFIELD_DAY_ON_SSA-02,"Faculty of Business & Economics","https://monash.bluera.com/monash/rpv-eng.aspx?lang=eng&redi=1&SelectedIDforPrint=416135b9cf1dfdf4adc0be6dc00860c986906ac11a100b27bc580f3dc9157ff6c9b93e0093d3923206089a3209de8128&ReportType=2&regl=en-US&IsReportLandscape=False"
MKX5955_CAULFIELD_BLOCK-ON_ON_SSB-01,"Faculty of Business & Economics","https://monash.bluera.com/monash/rpv-eng.aspx?lang=eng&redi=1&SelectedIDforPrint=96401677d3f5f595202db2f96ce88e6ed48ed4d6fab1296d5e08f9c29055c4f6fc43f5aaa4fa93101be17cb68f9136f3&ReportType=2&regl=en-US&IsReportLandscape=False"
MPH5282_ALFRED_BLOCK-ON_ON_T4-57,"Faculty of Med Nursing & Health Sci",
MPH5308_ONLINE_MO_OFF_MO-TP1-01,"Faculty of Med Nursing & Health Sci","https://monash.bluera.com/monash/rpv-eng.aspx?lang=eng&redi=1&SelectedIDforPrint=3026366cc4bc06db6c24fdea111f674d673289b124763328eba5ca4679415a4fbdf949420801642a211b40883a5981df&ReportType=2&regl=en-US&IsReportLandscape=False"
MPH5313_ONLINE_MO_OFF_MO-TP6-01,"Faculty of Med Nursing & Health Sci","https://monash.bluera.com/monash/rpv-eng.aspx?lang=eng&redi=1&SelectedIDforPrint=3457af8b16c3025ed0a3aabc9746ca49e71df2b2a46d0ea2dd5fb8f880fcb4851ddebe7b01a228a8a096d1dc7e982ac7&ReportType=2&regl=en-US&IsReportLandscape=False"
MPU3113_MALAYSIA_DAY_ON_OCT-MY-01,"Malaysia Office of the PVC & President","https://monash.bluera.com/monash/rpv-eng.aspx?lang=eng&redi=1&SelectedIDforPrint=6ccfd95aa9554273c5fee0c78af49f0eb0ddc3d4b5e254bbf08e36c62d7032338e17cc7fefb435f5e147959d4749df2f&ReportType=2&regl=en-US&IsReportLandscape=False"
MPU3113_MALAYSIA_DAY_ON_SSA-02,"Malaysia Office of the PVC & President","https://monash.bluera.com/monash/rpv-eng.aspx?lang=eng&redi=1&SelectedIDforPrint=e6dfee01156b14365b940d85eac590d9aa264a13506109c2bd11fe9b82241c21b9f60175822f1621ea9769d6bab10613&ReportType=2&regl=en-US&IsReportLandscape=False"
MPU3123_MALAYSIA_DAY_ON_OCT-MY-01,"Malaysia Office of the PVC & President","https://monash.bluera.com/monash/rpv-eng.aspx?lang=eng&redi=1&SelectedIDforPrint=952e50b6db23b29b39ccceed94426264d409f41b5dd07d283adbf9cb2c1060450ae6cbb0b73277ff36eca3cf1948bf9c&ReportType=2&regl=en-US&IsReportLandscape=False"
MPU3123_MALAYSIA_DAY_ON_SSA-02,"Malaysia Office of the PVC & President","https://monash.bluera.com/monash/rpv-eng.aspx?lang=eng&redi=1&SelectedIDforPrint=7841754c053c2523a82698e5e77bc85510a4c43d9cc61b32e8405926808c7709dc75016b6e715eab388f84e69df7f28f&ReportType=2&regl=en-US&IsReportLandscape=False"
MPU3143_MALAYSIA_DAY_ON_OCT-MY-01,"Malaysia Office of the PVC & President","https://monash.bluera.com/monash/rpv-eng.aspx?lang=eng&redi=1&SelectedIDforPrint=9a76be531b751cab001f94ba113ba7a21956a449f66c413cbab45df304f28c89859a3b813d18241d6dc871490fc74366&ReportType=2&regl=en-US&IsReportLandscape=False"
MPU3143_MALAYSIA_DAY_ON_SSA-02,"Malaysia Office of the PVC & President","https://monash.bluera.com/monash/rpv-eng.aspx?lang=eng&redi=1&SelectedIDforPrint=83156313c591617d2385c0c8d8f892cfc66f787358d4db075365f8cbe6ec60ca92f12b244123c31caea5026fc3e5ccc5&ReportType=2&regl=en-US&IsReportLandscape=False"
MPU3173_MALAYSIA_DAY_ON_OCT-MY-01,"Malaysia Office of the PVC & President","https://monash.bluera.com/monash/rpv-eng.aspx?lang=eng&redi=1&SelectedIDforPrint=0bb2377b46e7d9b42f57a1b86a196ba2b9464c3666a67f9ff38ce2f0550e517255e08086c891d278294cd07d322e8fd5&ReportType=2&regl=en-US&IsReportLandscape=False"
MPU3173_MALAYSIA_DAY_ON_SSA-02,"Malaysia Office of the PVC & President","https://monash.bluera.com/monash/rpv-eng.aspx?lang=eng&redi=1&SelectedIDforPrint=e9b7f22d795d232d09a83dc1a80c07a30bc5ed975c1a6c45a00f383499f8a38b9a8e87ed30d966d370a57d0ce20868af&ReportType=2&regl=en-US&IsReportLandscape=False"
MPU3212_MALAYSIA_DAY_ON_SSA-02,"Malaysia Office of the PVC & President","https://monash.bluera.com/monash/rpv-eng.aspx?lang=eng&redi=1&SelectedIDforPrint=372767ba947a06e1894532c64d344f6dfb94819ec709e0a546e3ee5cb5949df93b6b65ab8d8fc1bfca086d002b293e41&ReportType=2&regl=en-US&IsReportLandscape=False"
NUR5703_CLAYTON_FLEXIBLE_COMPOSITE_SSA-02,"Faculty of Med Nursing & Health Sci","https://monash.bluera.com/monash/rpv-eng.aspx?lang=eng&redi=1&SelectedIDforPrint=89061abd09b9921701ba6f5f905dd8b75a52caa9e4e2e5664b7ac9cdb042eccaf1bf6780cc5e41045cf72144883eba4c&ReportType=2&regl=en-US&IsReportLandscape=False"
NUR5704_PENINSULA_FLEXIBLE_COMPOSITE_SSA-02,"Faculty of Med Nursing & Health Sci","https://monash.bluera.com/monash/rpv-eng.aspx?lang=eng&redi=1&SelectedIDforPrint=0c040b39db8590675c1f4c937a22fd415199f2c9fe3ae78ec1ab86f4604d156cfc6755f14d850690fba6829d99ec9c7e&ReportType=2&regl=en-US&IsReportLandscape=False"
NUT1011_CLAYTON_ONLINE_OFF_SSA-02,"Faculty of Med Nursing & Health Sci","https://monash.bluera.com/monash/rpv-eng.aspx?lang=eng&redi=1&SelectedIDforPrint=2fa8e53cbcfb6ac6d3e6d7692b8c6c02d2fec0652f1efe266025259e42783872b818c27e02691b1f6855c983ac860f04&ReportType=2&regl=en-US&IsReportLandscape=False"
OCC4020_PENINSULA_DAY_ON_T4-57,"Faculty of Med Nursing & Health Sci","https://monash.bluera.com/monash/rpv-eng.aspx?lang=eng&redi=1&SelectedIDforPrint=d6bde9123b8e6d536a6d23aa1eec2764ebd66d99dc89a313f9538811f136ebde2e461c60a0da6f6795d82b6e874195c7&ReportType=2&regl=en-US&IsReportLandscape=False"
OCC4030_PENINSULA_ON-CAMPUS_ON_T1-57,"Faculty of Med Nursing & Health Sci","https://monash.bluera.com/monash/rpv-eng.aspx?lang=eng&redi=1&SelectedIDforPrint=2f5ed124ea457f94e06375c632d94ca89a3c6a65ed474d5f0e80e6a3f8522aefb7ce53eaf580ddac532372a4187bb954&ReportType=2&regl=en-US&IsReportLandscape=False"
OCC5060_PENINSULA_DAY_ON_T4-57,"Faculty of Med Nursing & Health Sci","https://monash.bluera.com/monash/rpv-eng.aspx?lang=eng&redi=1&SelectedIDforPrint=acd7446f73eb2a35805cf15f0dee69a5503d08e3238532762238b12b9f49dc7e8b028cc58f10b0d927c0613426d3fe05&ReportType=2&regl=en-US&IsReportLandscape=False"
OCC5070_PENINSULA_ON-CAMPUS_ON_T1-57,"Faculty of Med Nursing & Health Sci","https://monash.bluera.com/monash/rpv-eng.aspx?lang=eng&redi=1&SelectedIDforPrint=39bfe5345616b127d0f04f112418d733077073937643b7f95a2f89c73367ce4f41b3a7be911aa07c5d8884e1f826772b&ReportType=2&regl=en-US&IsReportLandscape=False"
PAC1001_PARKVILLE_ON-CAMPUS_ON_SSB-01,"Faculty of Pharmacy & Pharm Science","https://monash.bluera.com/monash/rpv-eng.aspx?lang=eng&redi=1&SelectedIDforPrint=a43430c71026b370a72c7555a0f2b8e89ba0bb38b87bef2ff230aa661641973076bb20053be6d8810f9ac61072ed6061&ReportType=2&regl=en-US&IsReportLandscape=False"
PAC3522_MALAYSIA_DAY_ON_SSA-02,"Faculty of Pharmacy & Pharm Science","https://monash.bluera.com/monash/rpv-eng.aspx?lang=eng&redi=1&SelectedIDforPrint=4bf781cd5eb37aace5ccd174046fe36da629b73c1c275bcbe0dbdbbb5b4c27920ff93925bdb2cbcd675bae6c7483d422&ReportType=2&regl=en-US&IsReportLandscape=False"
PAC3522_PARKVILLE_DAY_ON_SSA-02,"Faculty of Pharmacy & Pharm Science","https://monash.bluera.com/monash/rpv-eng.aspx?lang=eng&redi=1&SelectedIDforPrint=5f18d1cba926d53a78b496fe52b2950d5808ecb9c5bf2d5de22132e1f20caa12ea4d33bed3c89c0d975b831e63589cc0&ReportType=2&regl=en-US&IsReportLandscape=False"
PAR5400_NOTT HILL_ONLINE_OFF_SSA-02,"Faculty of Med Nursing & Health Sci","https://monash.bluera.com/monash/rpv-eng.aspx?lang=eng&redi=1&SelectedIDforPrint=f0674af160a91f23a36aaf7ec52c1a1bbcd10ccf83a1e302983ec786a8487cec3eb3441dd6ff17c96acacc84b4e29e2a&ReportType=2&regl=en-US&IsReportLandscape=False"
PAR5410_NOTT HILL_ONLINE_OFF_SSA-02,"Faculty of Med Nursing & Health Sci","https://monash.bluera.com/monash/rpv-eng.aspx?lang=eng&redi=1&SelectedIDforPrint=5796bdf91dfc9b1a6d01397f3527843149448f053a805ab597e896a467f62f520d7dcf33ff23ab641a7ebbd344c10053&ReportType=2&regl=en-US&IsReportLandscape=False"
PAR5450_NOTT HILL_BLOCK-ON_ON_SSA-02,"Faculty of Med Nursing & Health Sci","https://monash.bluera.com/monash/rpv-eng.aspx?lang=eng&redi=1&SelectedIDforPrint=9db4d5849220661479c80d9cfc686f318fb6e7f5f19abdedc79d9f34ed9305df4439548e7aa137eed9588de3c029c13d&ReportType=2&regl=en-US&IsReportLandscape=False"
PAR5460_NOTT HILL_BLOCK-ON_ON_SSA-02,"Faculty of Med Nursing & Health Sci","https://monash.bluera.com/monash/rpv-eng.aspx?lang=eng&redi=1&SelectedIDforPrint=e130be71df7f029dad75879c020e901f8be3e24be0fae9fa455b02928232b88f9ed1681ca50186f71bc86cc6fffd3b00&ReportType=2&regl=en-US&IsReportLandscape=False"
PGW5205_PARKVILLE_BLOCK-ON_ON_SSA-02,"Faculty of Pharmacy & Pharm Science","https://monash.bluera.com/monash/rpv-eng.aspx?lang=eng&redi=1&SelectedIDforPrint=7a1795a8fb60a642de03de05cc5b6ace326aba39e98538e97feff1b60384246cead6aace84e66ceccd29f52bf86bf1e4&ReportType=2&regl=en-US&IsReportLandscape=False"
PGW5205_PARKVILLE_BLOCK-ON_ON_T1-57,"Faculty of Pharmacy & Pharm Science",
PMH3110_CLAYTON_FLEXIBLE_COMPOSITE_SSA-02,"Faculty of Med Nursing & Health Sci","https://monash.bluera.com/monash/rpv-eng.aspx?lang=eng&redi=1&SelectedIDforPrint=103ce2c33df9f7bf307d3f73f2a74ecc48f8f7cbedf190f56a3d734a9d9efadcbea629502d6d9f8b5fa8b4e36f558a92&ReportType=2&regl=en-US&IsReportLandscape=False"
PSY1011_CLAYTON_DE_OFF_SSA-02,"Faculty of Med Nursing & Health Sci","https://monash.bluera.com/monash/rpv-eng.aspx?lang=eng&redi=1&SelectedIDforPrint=7b7d6cb76c63bc7d7058091fea9e42172a02a288ce41656703bffd1687392c184b5af43d355c2904e6b69d8f162a6055&ReportType=2&regl=en-US&IsReportLandscape=False"
PSY1022_MALAYSIA_DAY_ON_OCT-MY-01,"Faculty of Med Nursing & Health Sci","https://monash.bluera.com/monash/rpv-eng.aspx?lang=eng&redi=1&SelectedIDforPrint=612e06b1d8f1ac07a46235ccafb2bc55ebb2a0be6c705ec61610b830067f51489438db478abd13cf8cea35bd7c7cc4c9&ReportType=2&regl=en-US&IsReportLandscape=False"
PSY4032_ONLINE_MO_OFF_MO-TP6-01,"Faculty of Med Nursing & Health Sci","https://monash.bluera.com/monash/rpv-eng.aspx?lang=eng&redi=1&SelectedIDforPrint=7f502d7583058592861d07f257d153adeca1d80e610d20e47ad87dc7f27b9d2065f97ce005d0633149beca25b32cdaa1&ReportType=2&regl=en-US&IsReportLandscape=False"
PSY4041_ONLINE_MO_OFF_MO-TP6-01,"Faculty of Med Nursing & Health Sci","https://monash.bluera.com/monash/rpv-eng.aspx?lang=eng&redi=1&SelectedIDforPrint=7b796364fb93b73a20bcefc9be23fd32757bd47705311fcf2d01988318358957362970d31d15541f5d99ab2a628c9555&ReportType=2&regl=en-US&IsReportLandscape=False"
PSY4051_ONLINE_MO_OFF_MO-TP1-01,"Faculty of Med Nursing & Health Sci","https://monash.bluera.com/monash/rpv-eng.aspx?lang=eng&redi=1&SelectedIDforPrint=537948c4d178f16e277819cc95901a5355a053d9580e14f98ae6505d78372a01065c6cd4c11887f23098de00563a57e4&ReportType=2&regl=en-US&IsReportLandscape=False"
PSY4062_ONLINE_MO_OFF_MO-TP1-01,"Faculty of Med Nursing & Health Sci","https://monash.bluera.com/monash/rpv-eng.aspx?lang=eng&redi=1&SelectedIDforPrint=2eab25325e1c9050ae2c2dbf6cb2a85c71c5af432989c2f39dcbca15c342e6b6b28f361947060f3bd18083dc94815c56&ReportType=2&regl=en-US&IsReportLandscape=False"
PSY4111_ONLINE_MO_OFF_MO-TP1-01,"Faculty of Med Nursing & Health Sci","https://monash.bluera.com/monash/rpv-eng.aspx?lang=eng&redi=1&SelectedIDforPrint=15e26812d0cde83518f8de9b1dc65c3603dfd8de2ab122cd6bc4a13ddf08abc0f0c3682b5cac1f744dd700b1c1f2241c&ReportType=2&regl=en-US&IsReportLandscape=False"
PSY4122_ONLINE_MO_OFF_MO-TP6-01,"Faculty of Med Nursing & Health Sci","https://monash.bluera.com/monash/rpv-eng.aspx?lang=eng&redi=1&SelectedIDforPrint=72c95344aca3f68a8d5a5c3571e9eb56d349260f2df161f3813ce5a89b1ad4f8162b2126e949edc3a444a251291468f4&ReportType=2&regl=en-US&IsReportLandscape=False"
PSY4131_ONLINE_MO_OFF_MO-TP6-01,"Faculty of Med Nursing & Health Sci","https://monash.bluera.com/monash/rpv-eng.aspx?lang=eng&redi=1&SelectedIDforPrint=39556d53bca68f0ed0017e60639f08a77c5591895bbde35043b75b1b71e8653ec67884d0af640b193c0834c222c7cd3f&ReportType=2&regl=en-US&IsReportLandscape=False"
PSY4140_ONLINE_MO_OFF_MO-TP1-01,"Faculty of Med Nursing & Health Sci","https://monash.bluera.com/monash/rpv-eng.aspx?lang=eng&redi=1&SelectedIDforPrint=fe60c0f65f20486e05616a4946eb90f4608358adc724d36c577bd51d0dcb203f0b6d03c887ce76ffde0e3a39ef1d4216&ReportType=2&regl=en-US&IsReportLandscape=False"
PSY4400_ONLINE_MO_OFF_MO-TP1-01,"Faculty of Med Nursing & Health Sci","https://monash.bluera.com/monash/rpv-eng.aspx?lang=eng&redi=1&SelectedIDforPrint=938a03fa9c207b6a70a26270f296a5b6baf3c5efbf1527311e51e110fe30316e3b370de8ff8a68398055b1ad44674487&ReportType=2&regl=en-US&IsReportLandscape=False"
PSY4401_ONLINE_MO_OFF_MO-TP1-01,"Faculty of Med Nursing & Health Sci","https://monash.bluera.com/monash/rpv-eng.aspx?lang=eng&redi=1&SelectedIDforPrint=204d053089709042b36837e8a47951d11596d0e304eee521c27d884849783f8e318d11fb187700a05c68ec1c212c1f7c&ReportType=2&regl=en-US&IsReportLandscape=False"
PSY4402_ONLINE_MO_OFF_MO-TP1-01,"Faculty of Med Nursing & Health Sci","https://monash.bluera.com/monash/rpv-eng.aspx?lang=eng&redi=1&SelectedIDforPrint=bed490955e5761d476d1b7b2f134a221175e38e76e3d2f051ae36a1e820b5eed6820b042bb32dc7c838073f296a294b8&ReportType=2&regl=en-US&IsReportLandscape=False"
PSY4403_ONLINE_MO_OFF_MO-TP1-01,"Faculty of Med Nursing & Health Sci","https://monash.bluera.com/monash/rpv-eng.aspx?lang=eng&redi=1&SelectedIDforPrint=f91e6c504b950571a3df8afae43cff9d58f25f08d1984b376e1c9f27bd1b0c9a495c77ace942283dc92d544bbc310ab3&ReportType=2&regl=en-US&IsReportLandscape=False"
PSY4404_ONLINE_MO_OFF_MO-TP1-01,"Faculty of Med Nursing & Health Sci","https://monash.bluera.com/monash/rpv-eng.aspx?lang=eng&redi=1&SelectedIDforPrint=0beaed15e1ecd0b79c0f9b7503fc1d5eba37af17db609c78bba98ad16dc864943346f984a9631c306fce0b504eaa680c&ReportType=2&regl=en-US&IsReportLandscape=False"
PSY4405_ONLINE_MO_OFF_MO-TP6-01,"Faculty of Med Nursing & Health Sci","https://monash.bluera.com/monash/rpv-eng.aspx?lang=eng&redi=1&SelectedIDforPrint=5b42b70ac2b6a8889cb75398dd1f49968b28d8f2aa5e9d2cf98ae2cb24cc43af98a4b20b71fe2a510165ff036f061c42&ReportType=2&regl=en-US&IsReportLandscape=False"
PSY4406_ONLINE_MO_OFF_MO-TP6-01,"Faculty of Med Nursing & Health Sci","https://monash.bluera.com/monash/rpv-eng.aspx?lang=eng&redi=1&SelectedIDforPrint=2aa91e25af2eb3887dad31e711b54e12eae0f709cda000c12d5bb6b9257453d91b089e376d84da5f8b9da0950503d299&ReportType=2&regl=en-US&IsReportLandscape=False"
PSY4407_ONLINE_MO_OFF_MO-TP6-01,"Faculty of Med Nursing & Health Sci","https://monash.bluera.com/monash/rpv-eng.aspx?lang=eng&redi=1&SelectedIDforPrint=634bb6c28b2c89a3783bf3cb22faecac7cf2155dab0cf6e170c47881705a261618d4cdbac8b7f900b64c7e036d1eef39&ReportType=2&regl=en-US&IsReportLandscape=False"
PSY4408_ONLINE_MO_OFF_MO-TP6-01,"Faculty of Med Nursing & Health Sci","https://monash.bluera.com/monash/rpv-eng.aspx?lang=eng&redi=1&SelectedIDforPrint=00b8470ec473fd7b353ac4f50da1f7dda7d66b6c114ff433f24683ba5f42b62344399dd916fcdc1754a6276128d8ca9b&ReportType=2&regl=en-US&IsReportLandscape=False"
PTY4171_PENINSULA_DAY_ON_SSA-02,"Faculty of Med Nursing & Health Sci",
PTY4171_PENINSULA_ON-CAMPUS_ON_SSB-01,"Faculty of Med Nursing & Health Sci",
PTY4172_PENINSULA_DAY_ON_SSA-02,"Faculty of Med Nursing & Health Sci","https://monash.bluera.com/monash/rpv-eng.aspx?lang=eng&redi=1&SelectedIDforPrint=e00d268ed4a5f555ae2ee3cb57c2d263df9ede24a390ec5cb5e126d607fa7bb34d769b547715a475f67bf8a438503da0&ReportType=2&regl=en-US&IsReportLandscape=False"
PTY4282_PENINSULA_DAY_ON_SSA-02,"Faculty of Med Nursing & Health Sci",
RTS5110_CLAYTON_DAY_ON_SSA-02,"Faculty of Med Nursing & Health Sci","https://monash.bluera.com/monash/rpv-eng.aspx?lang=eng&redi=1&SelectedIDforPrint=8ce57dfd85eaae5fa4c1479dffb6ef62f7295185802be7821e45a6a7ebf0a8a5dccd616186f91d558d241bd66899ae0a&ReportType=2&regl=en-US&IsReportLandscape=False"
SCI1020_MALAYSIA_DAY_ON_OCT-MY-01,"Faculty of Science","https://monash.bluera.com/monash/rpv-eng.aspx?lang=eng&redi=1&SelectedIDforPrint=8e5ef4fdce90b7b8d4b63cebb26fd8619b9f2b795ac9cf0b983a5862af79cf96763478a20a099019f2b7d7f5d73309ad&ReportType=2&regl=en-US&IsReportLandscape=False"
SCI1800_MALAYSIA_DAY_ON_SSA-02,"Faculty of Science","https://monash.bluera.com/monash/rpv-eng.aspx?lang=eng&redi=1&SelectedIDforPrint=a1d841b4d67a188d19f57b9eb17777a80853ce806ffa1ef86c132c379847ef3587135ba7fc715f1bc476c0429d4f6fb8&ReportType=2&regl=en-US&IsReportLandscape=False"
SCI3501_CLAYTON_ON-CAMPUS_ON_SSB-01,"Faculty of Science","https://monash.bluera.com/monash/rpv-eng.aspx?lang=eng&redi=1&SelectedIDforPrint=8f3fa7828274dca79c59e463982052505a928ccde95bd01a7045a5607d734f4cb3f851cbe5d4d81d0ce4e15f3432f46e&ReportType=2&regl=en-US&IsReportLandscape=False"
SWM5103_CAULFIELD_DE_OFF_SSA-02,"Faculty of Med Nursing & Health Sci",
SWM5108_CAULFIELD_DAY_ON_SSA-02,"Faculty of Med Nursing & Health Sci","https://monash.bluera.com/monash/rpv-eng.aspx?lang=eng&redi=1&SelectedIDforPrint=0d20a15076270e74b5ec5d91000bfc8b1587269b30dd234e0e2bf18cf6b86f7ebdc05d9655ee78bb04a9a020f303ac77&ReportType=2&regl=en-US&IsReportLandscape=False"
SWM5108_CAULFIELD_DE_OFF_SSA-02,"Faculty of Med Nursing & Health Sci","https://monash.bluera.com/monash/rpv-eng.aspx?lang=eng&redi=1&SelectedIDforPrint=b157f9e4738a6f53c3bd87175f6850e5d994406121e7fb9270830d842b2474281496a8028031565b4250ea788a9eff58&ReportType=2&regl=en-US&IsReportLandscape=False"
ZHC1011_SAFRICA_DAY_ON_SA-ZA-02,"Office of the DVC (Global Engagement)","https://monash.bluera.com/monash/rpv-eng.aspx?lang=eng&redi=1&SelectedIDforPrint=9c46c5bd124e7b2174de440ef386f4d17ff73472a91f5c8acb45e24c84de08d04080bee9af6339aae207b08bc869306d&ReportType=2&regl=en-US&IsReportLandscape=False"
ZHC1014_SAFRICA_DAY_ON_SA-ZA-02,"Office of the DVC (Global Engagement)","https://monash.bluera.com/monash/rpv-eng.aspx?lang=eng&redi=1&SelectedIDforPrint=6a0dcf8e6a27947991f753906d7f1d5eea179efaf32bd32482ec062cee1eaf8c9313f0a152c9fd42ba53608086130b6a&ReportType=2&regl=en-US&IsReportLandscape=False"
ZHC1015_SAFRICA_DAY_ON_SA-ZA-02,"Office of the DVC (Global Engagement)","https://monash.bluera.com/monash/rpv-eng.aspx?lang=eng&redi=1&SelectedIDforPrint=d247f6186931481a099c533446a785c943b82d14afc91fd7792ea2310957faa9b9424ac4223ac42e49019bef085f6289&ReportType=2&regl=en-US&IsReportLandscape=False"
ZHC1016_SAFRICA_DAY_ON_SA-ZA-02,"Office of the DVC (Global Engagement)",
ZHC1018_SAFRICA_DAY_ON_SA-ZA-02,"Office of the DVC (Global Engagement)","https://monash.bluera.com/monash/rpv-eng.aspx?lang=eng&redi=1&SelectedIDforPrint=27fe3b3151f49737c506782f66338981415819cd19e96d77eafa54cedaa59bf8c8f93cdefab52309ec39cf0f97b7446d&ReportType=2&regl=en-US&IsReportLandscape=False"
ZHC1021_SAFRICA_DAY_ON_SA-ZA-02,"Office of the DVC (Global Engagement)","https://monash.bluera.com/monash/rpv-eng.aspx?lang=eng&redi=1&SelectedIDforPrint=9b37e7c2b60c729e9877f7214be257408b6343739c9a1645b51c7c7b190735db6fb82e2a2c1ec2ae72385eada15e90b8&ReportType=2&regl=en-US&IsReportLandscape=False"
ZHC1023_SAFRICA_DAY_ON_SA-ZA-02,"Office of the DVC (Global Engagement)","https://monash.bluera.com/monash/rpv-eng.aspx?lang=eng&redi=1&SelectedIDforPrint=4a86b1e3d9ba444fb6e3dd95acc83a709f5799511f635d5a641cb4d3d9fadbffa100084fb0c668e5ccedb41ae716a9ff&ReportType=2&regl=en-US&IsReportLandscape=False"
ZHC1027_SAFRICA_DAY_ON_SA-ZA-02,"Office of the DVC (Global Engagement)","https://monash.bluera.com/monash/rpv-eng.aspx?lang=eng&redi=1&SelectedIDforPrint=da28901d589735748ef20d5afe89c70cff3b71b930282e9714fef359f3d973647a15df7ec15a62f74ac80b3ee86db698&ReportType=2&regl=en-US&IsReportLandscape=False"
ZHC1029_SAFRICA_DAY_ON_SA-ZA-02,"Office of the DVC (Global Engagement)","https://monash.bluera.com/monash/rpv-eng.aspx?lang=eng&redi=1&SelectedIDforPrint=aaba23e1f602e738ad6b2e0db74ee9b0def6cb0ac3f80e48906e304fe72bab30062f77e27d6f560cb0140242604fcf5b&ReportType=2&regl=en-US&IsReportLandscape=False"
ZHC1030_SAFRICA_DAY_ON_SA-ZA-02,"Office of the DVC (Global Engagement)","https://monash.bluera.com/monash/rpv-eng.aspx?lang=eng&redi=1&SelectedIDforPrint=81ee951e668a3ed1435e49d4139f0c76a7727bde46008f619832d0eef9aaf59d88367f7ddd4357f41abd3558ed3d34d3&ReportType=2&regl=en-US&IsReportLandscape=False"
ZHC1031_SAFRICA_DAY_ON_SA-ZA-02,"Office of the DVC (Global Engagement)","https://monash.bluera.com/monash/rpv-eng.aspx?lang=eng&redi=1&SelectedIDforPrint=7760b61a1f19f69c20ed2291f4744f72ac7308710c1bb9600cad91edcddde3e7dc38e7d1422186e4232f66f9dc4f805e&ReportType=2&regl=en-US&IsReportLandscape=False"
ZHC1032_SAFRICA_DAY_ON_SA-ZA-02,"Office of the DVC (Global Engagement)","https://monash.bluera.com/monash/rpv-eng.aspx?lang=eng&redi=1&SelectedIDforPrint=2246a38176b2fa5d5391a5c9ca2123aad9400bcafc6bc95d34f6b5d8fb909d636e1d93a79546db392afd690f6f4cc903&ReportType=2&regl=en-US&IsReportLandscape=False"
ZHC1033_SAFRICA_DAY_ON_SA-ZA-02,"Office of the DVC (Global Engagement)","https://monash.bluera.com/monash/rpv-eng.aspx?lang=eng&redi=1&SelectedIDforPrint=332e1837b5933e9c693649937ca11ef9ad5e7a12211015dda8214fc7176b9f2643d3dfbcaa84f79cfe6c33d6cedc33f7&ReportType=2&regl=en-US&IsReportLandscape=False"
ZHC1034_SAFRICA_DAY_ON_SA-ZA-02,"Office of the DVC (Global Engagement)","https://monash.bluera.com/monash/rpv-eng.aspx?lang=eng&redi=1&SelectedIDforPrint=2fcf8cfcf35cb6935a0f1ad34657103a3d37d4b6fb25179ff3100f195e2786bf89b565141ae4099ba8c755a425a9bced&ReportType=2&regl=en-US&IsReportLandscape=False"
ZHC1035_SAFRICA_DAY_ON_SA-ZA-02,"Office of the DVC (Global Engagement)","https://monash.bluera.com/monash/rpv-eng.aspx?lang=eng&redi=1&SelectedIDforPrint=98195c17e3f2921ef70ad3777299fbbb2fff738c1d4b694d6fc85cb8764caa15efdfdcb43c620682128f55dca768bd3e&ReportType=2&regl=en-US&IsReportLandscape=False"
